Workbook
Name \_JUNK: #N/A
Name \0: #N/A
Name \a: #REF!
Name \B: #REF!
Name \C: #REF!
Name \D: #REF!
Name \e: #REF!
Name \g: #REF!
Name \h: #N/A
Name \I: #REF!
Name \j: #REF!
Name \l: #N/A
Name \m: #N/A
Name \p: #REF!
Name \r: #REF!
Name \s: #REF!
Name \t: #REF!
Name \z: #REF!
Name _.CDS_ID._: "SKOHL2"
Name _.CONTROL_ID._: 9
Name _.GIZMO_ID._: 6730
Name _.JOB_ID._: "J-700718611287015121329701210"
Name _.PAGE_ID._: 1
Name _.REPORT_DESCRIPTION._: "CMR Avg CMR Summary Report"
Name _.REPORT_ID._: 130
Name _.REPORT_NAME._: "CMR Avg CMR Summary Report [$W01_PARA_N5_value$]"
Name _.REPORT_SOURCE._: "EDB.3.0.1"
Name _.SERVER_HOST_ADDRESS._: "19.106.202.158"
Name _.SERVER_HOST_NAME._: "eccvas1777.md3.ford.com"
Name _.SITE_ID._: 700
Name _.TASK._: 2
Name _?: #N/A
Name _???: #N/A
Name _???????: #REF!
Name _?????????: #REF!
Name _??????????: #REF!
Name _???????????_01: #REF!
Name _??5???: #REF!
Name __?: #N/A
Name __???: #N/A
Name __???????: #REF!
Name __?????????: #REF!
Name __??????????: #REF!
Name __???????????_01: #REF!
Name __??5???: #REF!
Name ___: #REF!
Name _________________21: #REF!
Name ________________21: #REF!
Name _______________21: #REF!
Name ______________21: #REF!
Name _____________21: #REF!
Name ____________21: #REF!
Name ___________21: #REF!
Name __________21: #REF!
Name _________21: #REF!
Name ________21: #REF!
Name _______21: #REF!
Name _______A99999: #REF!
Name _______dkk1: #REF!
Name _______dkk2: #REF!

Sheet RMA Main BOM
K2: RMA BOM No | L2: RMA-BOM_25_180_R04 | M2: ver. 20260302 for Order#31
K3: Customer BOM No | L3: F0101023203 | M3: ver. JS-S4FL-V2-202510000 for Order#31
K4: Model | L4: V2-4SK | Z4: RMA BOM & COST | AG4: RMA Uplift COST (LCB port to RMA plant)
A5: =SUBTOTAL(3,Table13[Running]) -> 470 | K5: Series | L5: V2-S 4+0 Golf | AB5: 32.1892 | AG5: Currency : USD)
A6: Running | B6: Item | C6: Status | D6: Category | E6: Station | F6: Level | G6: Part Type | H6: UOM | I6: Customer P/N | J6: RMA P/N | K6: RMA Part Description | L6: Usage Qty | M6: Company | N6: Supplier | O6: Supplier Name | P6: Curren | Q6: Purchase Price | R6: Note | S6: Comment | U6: Category | V6: Trim | W6: Code | X6: Location | Y6: Country of Origin (COO) | Z6: Pure material/unit w/o Uplift | AA6: Currency | AB6: FX Conversion | AC6: Material cost (USD) | AD6: Material usage | AE6: Total material x usage (USD) | AG6: Uplift/unit | AH6: Material usage | AI6: Total Uplift
A7: 1 | D7: Chassis | F7: 1 | G7: Buy | H7: EACH | I7: F0102089001 | J7: =IF(LEFT(I7,2)="CO",I7,IF(LEFT(I7,2)="54","HT"&I7,IF(LEFT(I7,2)="KI","KT_"&MID(I7,5,24),IF(P7="THB","GT"&I7,IF(P7="USD","GU"&I7,IF(P7="CNY","GC"&I7)))))) -> GTF0102089001 | K7: Chassis Assy / DBL A-Arm Golf / V2-4S | L7: 1 | M7: RMA | N7: G0017 | O7: RMA Dynamics Co., Ltd. | P7: THB | U7: =TRIM(D7) -> Chassis | V7: =IF(U7="Seat-Option",LEFT(I7,18),TRIM(I7)) -> F0102089001 | W7: GT | X7: Local parts | Y7: Thailand | Z7: =_xlfn.XLOOKUP((W7&V7),[1]GRN_20260331!$H:$H,[1]GRN_20260331!$W:$W,0) -> 9699.8 | AA7: =IF(W7="GU","USD","THB") -> THB | AB7: =IF(AA7="THB",AB$5,1) -> 32.1892 | AC7: =Z7/AB7 -> 301.33709 | AD7: =L7 -> 1 | AE7: =AC7*AD7 -> 301.33709 | AG7: =_xlfn.XLOOKUP((W7&V7),[1]GRN_20260331!$H:$H,[1]GRN_20260331!$X:$X,0) -> 0 | AH7: =AD7 -> 1 | AI7: =AG7*AH7 -> 0
A8: =A7+1 -> 2 | D8: Other Steel | F8: 1 | G8: Buy | H8: EACH | I8: F0102089525M | J8: =IF(LEFT(I8,2)="CO",I8,IF(LEFT(I8,2)="54","HT"&I8,IF(LEFT(I8,2)="KI","KT_"&MID(I8,5,24),IF(P8="THB","GT"&I8,IF(P8="USD","GU"&I8,IF(P8="CNY","GC"&I8)))))) -> GTF0102089525M | K8: Battery Mt Brkt LH | L8: 1 | M8: RMA | N8: X0007 | O8: Xcellent Manufacturing (Thailand) Co.,Ltd. | P8: THB | U8: =TRIM(D8) -> Other Steel | V8: =IF(U8="Seat-Option",LEFT(I8,18),TRIM(I8)) -> F0102089525M | W8: GT | X8: Local parts | Y8: Thailand | Z8: =_xlfn.XLOOKUP((W8&V8),[1]GRN_20260331!$H:$H,[1]GRN_20260331!$W:$W,0) -> 137.92 | AA8: =IF(W8="GU","USD","THB") -> THB | AB8: =IF(AA8="THB",AB$5,1) -> 32.1892 | AC8: =Z8/AB8 -> 4.2846669 | AD8: =L8 -> 1 | AE8: =AC8*AD8 -> 4.2846669 | AG8: =_xlfn.XLOOKUP((W8&V8),[1]GRN_20260331!$H:$H,[1]GRN_20260331!$X:$X,0) -> 0 | AH8: =AD8 -> 1 | AI8: =AG8*AH8 -> 0
A9: =A8+1 -> 3 | D9: Other Steel | F9: 1 | G9: Buy | H9: EACH | I9: F0102089526M | J9: =IF(LEFT(I9,2)="CO",I9,IF(LEFT(I9,2)="54","HT"&I9,IF(LEFT(I9,2)="KI","KT_"&MID(I9,5,24),IF(P9="THB","GT"&I9,IF(P9="USD","GU"&I9,IF(P9="CNY","GC"&I9)))))) -> GTF0102089526M | K9: Battery Mt Brkt RH | L9: 1 | M9: RMA | N9: X0007 | O9: Xcellent Manufacturing (Thailand) Co.,Ltd. | P9: THB | U9: =TRIM(D9) -> Other Steel | V9: =IF(U9="Seat-Option",LEFT(I9,18),TRIM(I9)) -> F0102089526M | W9: GT | X9: Local parts | Y9: Thailand | Z9: =_xlfn.XLOOKUP((W9&V9),[1]GRN_20260331!$H:$H,[1]GRN_20260331!$W:$W,0) -> 159.71 | AA9: =IF(W9="GU","USD","THB") -> THB | AB9: =IF(AA9="THB",AB$5,1) -> 32.1892 | AC9: =Z9/AB9 -> 4.961602 | AD9: =L9 -> 1 | AE9: =AC9*AD9 -> 4.961602 | AG9: =_xlfn.XLOOKUP((W9&V9),[1]GRN_20260331!$H:$H,[1]GRN_20260331!$X:$X,0) -> 0 | AH9: =AD9 -> 1 | AI9: =AG9*AH9 -> 0
A10: =A9+1 -> 4 | D10: Other Steel | F10: 1 | G10: Buy | H10: EACH | I10: F0102063502M | J10: =IF(LEFT(I10,2)="CO",I10,IF(LEFT(I10,2)="54","HT"&I10,IF(LEFT(I10,2)="KI","KT_"&MID(I10,5,24),IF(P10="THB","GT"&I10,IF(P10="USD","GU"&I10,IF(P10="CNY","GC"&I10)))))) -> GTF0102063502M | K10: FRT Baffle Plate | L10: 1 | M10: RMA | N10: X0007 | O10: Xcellent Manufacturing (Thailand) Co.,Ltd. | P10: THB | U10: =TRIM(D10) -> Other Steel | V10: =IF(U10="Seat-Option",LEFT(I10,18),TRIM(I10)) -> F0102063502M | W10: GT | X10: Local parts | Y10: Thailand | Z10: =_xlfn.XLOOKUP((W10&V10),[1]GRN_20260331!$H:$H,[1]GRN_20260331!$W:$W,0) -> 311.7 | AA10: =IF(W10="GU","USD","THB") -> THB | AB10: =IF(AA10="THB",AB$5,1) -> 32.1892 | AC10: =Z10/AB10 -> 9.6833721 | AD10: =L10 -> 1 | AE10: =AC10*AD10 -> 9.6833721 | AG10: =_xlfn.XLOOKUP((W10&V10),[1]GRN_20260331!$H:$H,[1]GRN_20260331!$X:$X,0) -> 0 | AH10: =AD10 -> 1 | AI10: =AG10*AH10 -> 0
A11: =A10+1 -> 5 | D11: Other Steel | F11: 1 | G11: Buy | H11: EACH | I11: F0102089540M | J11: =IF(LEFT(I11,2)="CO",I11,IF(LEFT(I11,2)="54","HT"&I11,IF(LEFT(I11,2)="KI","KT_"&MID(I11,5,24),IF(P11="THB","GT"&I11,IF(P11="USD","GU"&I11,IF(P11="CNY","GC"&I11)))))) -> GTF0102089540M | K11: Lower Base Plate | L11: 1 | M11: RMA | N11: X0007 | O11: Xcellent Manufacturing (Thailand) Co.,Ltd. | P11: THB | U11: =TRIM(D11) -> Other Steel | V11: =IF(U11="Seat-Option",LEFT(I11,18),TRIM(I11)) -> F0102089540M | W11: GT | X11: Local parts | Y11: Thailand | Z11: =_xlfn.XLOOKUP((W11&V11),[1]GRN_20260331!$H:$H,[1]GRN_20260331!$W:$W,0) -> 862.32 | AA11: =IF(W11="GU","USD","THB") -> THB | AB11: =IF(AA11="THB",AB$5,1) -> 32.1892 | AC11: =Z11/AB11 -> 26.789109 | AD11: =L11 -> 1 | AE11: =AC11*AD11 -> 26.789109 | AG11: =_xlfn.XLOOKUP((W11&V11),[1]GRN_20260331!$H:$H,[1]GRN_20260331!$X:$X,0) -> 0 | AH11: =AD11 -> 1 | AI11: =AG11*AH11 -> 0
A12: =A11+1 -> 6 | D12: Powertrain | F12: 1 | G12: Buy | H12: EACH | I12: F0201013007 | J12: =IF(LEFT(I12,2)="CO",I12,IF(LEFT(I12,2)="54","HT"&I12,IF(LEFT(I12,2)="KI","KT_"&MID(I12,5,24),IF(P12="THB","GT"&I12,IF(P12="USD","GU"&I12,IF(P12="CNY","GC"&I12)))))) -> GUF0201013007 | K12: Upper Control Arm | L12: 2 | M12: RMA | N12: Y0030 | O12: Yangzhou Wev International Trade Co.,Ltd. | P12: USD | U12: =TRIM(D12) -> Powertrain | V12: =IF(U12="Seat-Option",LEFT(I12,18),TRIM(I12)) -> F0201013007 | W12: GU | X12: Oversea-WEV | Y12: China | Z12: =_xlfn.XLOOKUP((W12&V12),[1]GRN_20260331!$H:$H,[1]GRN_20260331!$W:$W,0) -> 17.63 | AA12: =IF(W12="GU","USD","THB") -> USD | AB12: =IF(AA12="THB",AB$5,1) -> 1 | AC12: =Z12/AB12 -> 17.63 | AD12: =L12 -> 2 | AE12: =AC12*AD12 -> 35.26 | AG12: =_xlfn.XLOOKUP((W12&V12),[1]GRN_20260331!$H:$H,[1]GRN_20260331!$X:$X,0) -> 0.11468781 | AH12: =AD12 -> 2 | AI12: =AG12*AH12 -> 0.22937563
A13: =A12+1 -> 7 | D13: Powertrain | F13: 1 | G13: Buy | H13: EACH | I13: F0201013008 | J13: =IF(LEFT(I13,2)="CO",I13,IF(LEFT(I13,2)="54","HT"&I13,IF(LEFT(I13,2)="KI","KT_"&MID(I13,5,24),IF(P13="THB","GT"&I13,IF(P13="USD","GU"&I13,IF(P13="CNY","GC"&I13)))))) -> GUF0201013008 | K13: Lower Control Arm LH | L13: 1 | M13: RMA | N13: Y0030 | O13: Yangzhou Wev International Trade Co.,Ltd. | P13: USD | U13: =TRIM(D13) -> Powertrain | V13: =IF(U13="Seat-Option",LEFT(I13,18),TRIM(I13)) -> F0201013008 | W13: GU | X13: Oversea-WEV | Y13: China | Z13: =_xlfn.XLOOKUP((W13&V13),[1]GRN_20260331!$H:$H,[1]GRN_20260331!$W:$W,0) -> 21.51 | AA13: =IF(W13="GU","USD","THB") -> USD | AB13: =IF(AA13="THB",AB$5,1) -> 1 | AC13: =Z13/AB13 -> 21.51 | AD13: =L13 -> 1 | AE13: =AC13*AD13 -> 21.51 | AG13: =_xlfn.XLOOKUP((W13&V13),[1]GRN_20260331!$H:$H,[1]GRN_20260331!$X:$X,0) -> 0.13992843 | AH13: =AD13 -> 1 | AI13: =AG13*AH13 -> 0.13992843
A14: =A13+1 -> 8 | D14: Powertrain | F14: 1 | G14: Buy | H14: EACH | I14: F0201013009 | J14: =IF(LEFT(I14,2)="CO",I14,IF(LEFT(I14,2)="54","HT"&I14,IF(LEFT(I14,2)="KI","KT_"&MID(I14,5,24),IF(P14="THB","GT"&I14,IF(P14="USD","GU"&I14,IF(P14="CNY","GC"&I14)))))) -> GUF0201013009 | K14: Lower Control Arm RH | L14: 1 | M14: RMA | N14: Y0030 | O14: Yangzhou Wev International Trade Co.,Ltd. | P14: USD | U14: =TRIM(D14) -> Powertrain | V14: =IF(U14="Seat-Option",LEFT(I14,18),TRIM(I14)) -> F0201013009 | W14: GU | X14: Oversea-WEV | Y14: China | Z14: =_xlfn.XLOOKUP((W14&V14),[1]GRN_20260331!$H:$H,[1]GRN_20260331!$W:$W,0) -> 21.51 | AA14: =IF(W14="GU","USD","THB") -> USD | AB14: =IF(AA14="THB",AB$5,1) -> 1 | AC14: =Z14/AB14 -> 21.51 | AD14: =L14 -> 1 | AE14: =AC14*AD14 -> 21.51 | AG14: =_xlfn.XLOOKUP((W14&V14),[1]GRN_20260331!$H:$H,[1]GRN_20260331!$X:$X,0) -> 0.13992843 | AH14: =AD14 -> 1 | AI14: =AG14*AH14 -> 0.13992843
A15: =A14+1 -> 9 | D15: Powertrain | F15: 1 | G15: Buy | H15: EACH | I15: F0201013010 | J15: =IF(LEFT(I15,2)="CO",I15,IF(LEFT(I15,2)="54","HT"&I15,IF(LEFT(I15,2)="KI","KT_"&MID(I15,5,24),IF(P15="THB","GT"&I15,IF(P15="USD","GU"&I15,IF(P15="CNY","GC"&I15)))))) -> GUF0201013010 | K15: Adjustable Ball Socket Assy | L15: 2 | M15: RMA | N15: Y0030 | O15: Yangzhou Wev International Trade Co.,Ltd. | P15: USD | U15: =TRIM(D15) -> Powertrain | V15: =IF(U15="Seat-Option",LEFT(I15,18),TRIM(I15)) -> F0201013010 | W15: GU | X15: Oversea-WEV | Y15: China | Z15: =_xlfn.XLOOKUP((W15&V15),[1]GRN_20260331!$H:$H,[1]GRN_20260331!$W:$W,0) -> 3.8 | AA15: =IF(W15="GU","USD","THB") -> USD | AB15: =IF(AA15="THB",AB$5,1) -> 1 | AC15: =Z15/AB15 -> 3.8 | AD15: =L15 -> 2 | AE15: =AC15*AD15 -> 7.6 | AG15: =_xlfn.XLOOKUP((W15&V15),[1]GRN_20260331!$H:$H,[1]GRN_20260331!$X:$X,0) -> 0.024719547 | AH15: =AD15 -> 2 | AI15: =AG15*AH15 -> 0.049439095
A16: =A15+1 -> 10 | C16: Remove - 20260302 | D16: Powertrain | F16: 1 | G16: Buy | H16: EACH | I16: F0202006036 | J16: =IF(LEFT(I16,2)="CO",I16,IF(LEFT(I16,2)="54","HT"&I16,IF(LEFT(I16,2)="KI","KT_"&MID(I16,5,24),IF(P16="THB","GT"&I16,IF(P16="USD","GU"&I16,IF(P16="CNY","GC"&I16)))))) -> GUF0202006036 | K16: FRT Shock Absorber Assy | L16: 2 | M16: RMA | N16: Y0030 | O16: Yangzhou Wev International Trade Co.,Ltd. | P16: USD | R16: WL-ECN_2026-026 | U16: =TRIM(D16) -> Powertrain | V16: =IF(U16="Seat-Option",LEFT(I16,18),TRIM(I16)) -> F0202006036 | W16: GU | X16: Oversea-WEV | AD16: =L16 -> 2 | AE16: =Z16*AD16 -> 0 | AH16: =AD16 -> 2 | AI16: =AG16*AH16 -> 0
A17: 11 | C17: Add - 20260302 | D17: Powertrain | F17: 1 | G17: Buy | H17: EACH | I17: F0202006096 | J17: =IF(LEFT(I17,2)="CO",I17,IF(LEFT(I17,2)="54","HT"&I17,IF(LEFT(I17,2)="KI","KT_"&MID(I17,5,24),IF(P17="THB","GT"&I17,IF(P17="USD","GU"&I17,IF(P17="CNY","GC"&I17)))))) -> GUF0202006096 | K17: FRT Shock Absorber Assy V2S | L17: 2 | M17: RMA | N17: Y0030 | O17: Yangzhou Wev International Trade Co.,Ltd. | P17: USD | R17: WL-ECN_2026-026 | U17: =TRIM(D17) -> Powertrain | V17: =IF(U17="Seat-Option",LEFT(I17,18),TRIM(I17)) -> F0202006096 | W17: GU | X17: Oversea-WEV | Y17: China | Z17: =_xlfn.XLOOKUP((W17&V17),[1]GRN_20260331!$H:$H,[1]GRN_20260331!$W:$W,0) -> 10.95 | AA17: =IF(W17="GU","USD","THB") -> USD | AB17: =IF(AA17="THB",AB$5,1) -> 1 | AC17: =Z17/AB17 -> 10.95 | AD17: =L17 -> 2 | AE17: =AC17*AD17 -> 21.9 | AG17: =_xlfn.XLOOKUP((W17&V17),[1]GRN_20260331!$H:$H,[1]GRN_20260331!$X:$X,0) -> 0.12680912 | AH17: =AD17 -> 2 | AI17: =AG17*AH17 -> 0.25361823
A18: 12 | D18: Powertrain | F18: 1 | G18: Buy | H18: EACH | I18: F0201002015 | J18: =IF(LEFT(I18,2)="CO",I18,IF(LEFT(I18,2)="54","HT"&I18,IF(LEFT(I18,2)="KI","KT_"&MID(I18,5,24),IF(P18="THB","GT"&I18,IF(P18="USD","GU"&I18,IF(P18="CNY","GC"&I18)))))) -> GUF0201002015 | K18: FRT Wheel Cyl Fixing Plate | L18: 2 | M18: RMA | N18: Y0030 | O18: Yangzhou Wev International Trade Co.,Ltd. | P18: USD | U18: =TRIM(D18) -> Powertrain | V18: =IF(U18="Seat-Option",LEFT(I18,18),TRIM(I18)) -> F0201002015 | W18: GU | X18: Oversea-WEV | Y18: China | Z18: =_xlfn.XLOOKUP((W18&V18),[1]GRN_20260331!$H:$H,[1]GRN_20260331!$W:$W,0) -> 1.94 | AA18: =IF(W18="GU","USD","THB") -> USD | AB18: =IF(AA18="THB",AB$5,1) -> 1 | AC18: =Z18/AB18 -> 1.94 | AD18: =L18 -> 2 | AE18: =AC18*AD18 -> 3.88 | AG18: =_xlfn.XLOOKUP((W18&V18),[1]GRN_20260331!$H:$H,[1]GRN_20260331!$X:$X,0) -> 0.013880599 | AH18: =AD18 -> 2 | AI18: =AG18*AH18 -> 0.027761198
A19: 13 | D19: Powertrain | F19: 1 | G19: Buy | H19: EACH | I19: F0201002034 | J19: =IF(LEFT(I19,2)="CO",I19,IF(LEFT(I19,2)="54","HT"&I19,IF(LEFT(I19,2)="KI","KT_"&MID(I19,5,24),IF(P19="THB","GT"&I19,IF(P19="USD","GU"&I19,IF(P19="CNY","GC"&I19)))))) -> GUF0201002034 | K19: FRT Brake Caliper LH BLK | L19: 1 | M19: RMA | N19: Y0030 | O19: Yangzhou Wev International Trade Co.,Ltd. | P19: USD | U19: =TRIM(D19) -> Powertrain | V19: =IF(U19="Seat-Option",LEFT(I19,18),TRIM(I19)) -> F0201002034 | W19: GU | X19: Oversea-WEV | Y19: China | Z19: =_xlfn.XLOOKUP((W19&V19),[1]GRN_20260331!$H:$H,[1]GRN_20260331!$W:$W,0) -> 13.89 | AA19: =IF(W19="GU","USD","THB") -> USD | AB19: =IF(AA19="THB",AB$5,1) -> 1 | AC19: =Z19/AB19 -> 13.89 | AD19: =L19 -> 1 | AE19: =AC19*AD19 -> 13.89 | AG19: =_xlfn.XLOOKUP((W19&V19),[1]GRN_20260331!$H:$H,[1]GRN_20260331!$X:$X,0) -> 0.11017704 | AH19: =AD19 -> 1 | AI19: =AG19*AH19 -> 0.11017704
A20: 14 | D20: Powertrain | F20: 1 | G20: Buy | H20: EACH | I20: F0201002035 | J20: =IF(LEFT(I20,2)="CO",I20,IF(LEFT(I20,2)="54","HT"&I20,IF(LEFT(I20,2)="KI","KT_"&MID(I20,5,24),IF(P20="THB","GT"&I20,IF(P20="USD","GU"&I20,IF(P20="CNY","GC"&I20)))))) -> GUF0201002035 | K20: FRT Brake Caliper RH BLK | L20: 1 | M20: RMA | N20: Y0030 | O20: Yangzhou Wev International Trade Co.,Ltd. | P20: USD | U20: =TRIM(D20) -> Powertrain | V20: =IF(U20="Seat-Option",LEFT(I20,18),TRIM(I20)) -> F0201002035 | W20: GU | X20: Oversea-WEV | Y20: China | Z20: =_xlfn.XLOOKUP((W20&V20),[1]GRN_20260331!$H:$H,[1]GRN_20260331!$W:$W,0) -> 13.89 | AA20: =IF(W20="GU","USD","THB") -> USD | AB20: =IF(AA20="THB",AB$5,1) -> 1 | AC20: =Z20/AB20 -> 13.89 | AD20: =L20 -> 1 | AE20: =AC20*AD20 -> 13.89 | AG20: =_xlfn.XLOOKUP((W20&V20),[1]GRN_20260331!$H:$H,[1]GRN_20260331!$X:$X,0) -> 0.11017704 | AH20: =AD20 -> 1 | AI20: =AG20*AH20 -> 0.11017704
A21: 15 | D21: Powertrain | F21: 1 | G21: Buy | H21: EACH | I21: F0201002018 | J21: =IF(LEFT(I21,2)="CO",I21,IF(LEFT(I21,2)="54","HT"&I21,IF(LEFT(I21,2)="KI","KT_"&MID(I21,5,24),IF(P21="THB","GT"&I21,IF(P21="USD","GU"&I21,IF(P21="CNY","GC"&I21)))))) -> GUF0201002018 | K21: Type-A Disc Brake Hub Assy | L21: 2 | M21: RMA | N21: Y0030 | O21: Yangzhou Wev International Trade Co.,Ltd. | P21: USD | U21: =TRIM(D21) -> Powertrain | V21: =IF(U21="Seat-Option",LEFT(I21,18),TRIM(I21)) -> F0201002018 | W21: GU | X21: Oversea-WEV | Y21: China | Z21: =_xlfn.XLOOKUP((W21&V21),[1]GRN_20260331!$H:$H,[1]GRN_20260331!$W:$W,0) -> 28.95 | AA21: =IF(W21="GU","USD","THB") -> USD | AB21: =IF(AA21="THB",AB$5,1) -> 1 | AC21: =Z21/AB21 -> 28.95 | AD21: =L21 -> 2 | AE21: =AC21*AD21 -> 57.9 | AG21: =_xlfn.XLOOKUP((W21&V21),[1]GRN_20260331!$H:$H,[1]GRN_20260331!$X:$X,0) -> 0.20711778 | AH21: =AD21 -> 2 | AI21: =AG21*AH21 -> 0.41423555
A22: 16 | D22: Powertrain | F22: 1 | G22: Buy | H22: EACH | I22: F0201011011 | J22: =IF(LEFT(I22,2)="CO",I22,IF(LEFT(I22,2)="54","HT"&I22,IF(LEFT(I22,2)="KI","KT_"&MID(I22,5,24),IF(P22="THB","GT"&I22,IF(P22="USD","GU"&I22,IF(P22="CNY","GC"&I22)))))) -> GUF0201011011 | K22: Steering Knuckle LH | L22: 1 | M22: RMA | N22: Y0030 | O22: Yangzhou Wev International Trade Co.,Ltd. | P22: USD | U22: =TRIM(D22) -> Powertrain | V22: =IF(U22="Seat-Option",LEFT(I22,18),TRIM(I22)) -> F0201011011 | W22: GU | X22: Oversea-WEV | Y22: China | Z22: =_xlfn.XLOOKUP((W22&V22),[1]GRN_20260331!$H:$H,[1]GRN_20260331!$W:$W,0) -> 21.83 | AA22: =IF(W22="GU","USD","THB") -> USD | AB22: =IF(AA22="THB",AB$5,1) -> 1 | AC22: =Z22/AB22 -> 21.83 | AD22: =L22 -> 1 | AE22: =AC22*AD22 -> 21.83 | AG22: =_xlfn.XLOOKUP((W22&V22),[1]GRN_20260331!$H:$H,[1]GRN_20260331!$X:$X,0) -> 0.15617972 | AH22: =AD22 -> 1 | AI22: =AG22*AH22 -> 0.15617972
A23: 17 | D23: Powertrain | F23: 1 | G23: Buy | H23: EACH | I23: F0201011012 | J23: =IF(LEFT(I23,2)="CO",I23,IF(LEFT(I23,2)="54","HT"&I23,IF(LEFT(I23,2)="KI","KT_"&MID(I23,5,24),IF(P23="THB","GT"&I23,IF(P23="USD","GU"&I23,IF(P23="CNY","GC"&I23)))))) -> GUF0201011012 | K23: Steering Knuckle RH | L23: 1 | M23: RMA | N23: Y0030 | O23: Yangzhou Wev International Trade Co.,Ltd. | P23: USD | U23: =TRIM(D23) -> Powertrain | V23: =IF(U23="Seat-Option",LEFT(I23,18),TRIM(I23)) -> F0201011012 | W23: GU | X23: Oversea-WEV | Y23: China | Z23: =_xlfn.XLOOKUP((W23&V23),[1]GRN_20260331!$H:$H,[1]GRN_20260331!$W:$W,0) -> 21.83 | AA23: =IF(W23="GU","USD","THB") -> USD | AB23: =IF(AA23="THB",AB$5,1) -> 1 | AC23: =Z23/AB23 -> 21.83 | AD23: =L23 -> 1 | AE23: =AC23*AD23 -> 21.83 | AG23: =_xlfn.XLOOKUP((W23&V23),[1]GRN_20260331!$H:$H,[1]GRN_20260331!$X:$X,0) -> 0.15617972 | AH23: =AD23 -> 1 | AI23: =AG23*AH23 -> 0.15617972
A24: 18 | D24: Powertrain | F24: 1 | G24: Buy | H24: EACH | I24: F0202006086 | J24: =IF(LEFT(I24,2)="CO",I24,IF(LEFT(I24,2)="54","HT"&I24,IF(LEFT(I24,2)="KI","KT_"&MID(I24,5,24),IF(P24="THB","GT"&I24,IF(P24="USD","GU"&I24,IF(P24="CNY","GC"&I24)))))) -> GUF0202006086 | K24: RR Shock Absorber (Golf) | L24: 2 | M24: RMA | N24: Y0030 | O24: Yangzhou Wev International Trade Co.,Ltd. | P24: USD | U24: =TRIM(D24) -> Powertrain | V24: =IF(U24="Seat-Option",LEFT(I24,18),TRIM(I24)) -> F0202006086 | W24: GU | X24: Oversea-WEV | Y24: China | Z24: =_xlfn.XLOOKUP((W24&V24),[1]GRN_20260331!$H:$H,[1]GRN_20260331!$W:$W,0) -> 12.45 | AA24: =IF(W24="GU","USD","THB") -> USD | AB24: =IF(AA24="THB",AB$5,1) -> 1 | AC24: =Z24/AB24 -> 12.45 | AD24: =L24 -> 2 | AE24: =AC24*AD24 -> 24.9 | AG24: =_xlfn.XLOOKUP((W24&V24),[1]GRN_20260331!$H:$H,[1]GRN_20260331!$X:$X,0) -> 0.080991984 | AH24: =AD24 -> 2 | AI24: =AG24*AH24 -> 0.16198397
A25: 19 | D25: Powertrain | F25: 1 | G25: Buy | H25: SET | I25: F0201003112 | J25: =IF(LEFT(I25,2)="CO",I25,IF(LEFT(I25,2)="54","HT"&I25,IF(LEFT(I25,2)="KI","KT_"&MID(I25,5,24),IF(P25="THB","GT"&I25,IF(P25="USD","GU"&I25,IF(P25="CNY","GC"&I25)))))) -> GUF0201003112 | K25: RR Axle / Electromag Park / Disc (Golf) | L25: 1 | M25: RMA | N25: Y0030 | O25: Yangzhou Wev International Trade Co.,Ltd. | P25: USD | U25: =TRIM(D25) -> Powertrain | V25: =IF(U25="Seat-Option",LEFT(I25,18),TRIM(I25)) -> F0201003112 | W25: GU | X25: Oversea-WEV | Y25: China | Z25: =_xlfn.XLOOKUP((W25&V25),[1]GRN_20260331!$H:$H,[1]GRN_20260331!$W:$W,0) -> 217.52 | AA25: =IF(W25="GU","USD","THB") -> USD | AB25: =IF(AA25="THB",AB$5,1) -> 1 | AC25: =Z25/AB25 -> 217.52 | AD25: =L25 -> 1 | AE25: =AC25*AD25 -> 217.52 | AG25: =_xlfn.XLOOKUP((W25&V25),[1]GRN_20260331!$H:$H,[1]GRN_20260331!$X:$X,0) -> 1.73598 | AH25: =AD25 -> 1 | AI25: =AG25*AH25 -> 1.73598
A26: 20 | D26: Powertrain | F26: 1 | G26: Buy | H26: EACH | I26: F0201004009 | J26: =IF(LEFT(I26,2)="CO",I26,IF(LEFT(I26,2)="54","HT"&I26,IF(LEFT(I26,2)="KI","KT_"&MID(I26,5,24),IF(P26="THB","GT"&I26,IF(P26="USD","GU"&I26,IF(P26="CNY","GC"&I26)))))) -> GUF0201004009 | K26: Electromag Brake | L26: 1 | M26: RMA | N26: Y0030 | O26: Yangzhou Wev International Trade Co.,Ltd. | P26: USD | U26: =TRIM(D26) -> Powertrain | V26: =IF(U26="Seat-Option",LEFT(I26,18),TRIM(I26)) -> F0201004009 | W26: GU | X26: Oversea-WEV | Y26: China | Z26: =_xlfn.XLOOKUP((W26&V26),[1]GRN_20260331!$H:$H,[1]GRN_20260331!$W:$W,0) -> 40.11 | AA26: =IF(W26="GU","USD","THB") -> USD | AB26: =IF(AA26="THB",AB$5,1) -> 1 | AC26: =Z26/AB26 -> 40.11 | AD26: =L26 -> 1 | AE26: =AC26*AD26 -> 40.11 | AG26: =_xlfn.XLOOKUP((W26&V26),[1]GRN_20260331!$H:$H,[1]GRN_20260331!$X:$X,0) -> 0.29134032 | AH26: =AD26 -> 1 | AI26: =AG26*AH26 -> 0.29134032
A27: 21 | D27: Powertrain | F27: 1 | G27: Buy | H27: EACH | I27: F0201013021 | J27: =IF(LEFT(I27,2)="CO",I27,IF(LEFT(I27,2)="54","HT"&I27,IF(LEFT(I27,2)="KI","KT_"&MID(I27,5,24),IF(P27="THB","GT"&I27,IF(P27="USD","GU"&I27,IF(P27="CNY","GC"&I27)))))) -> GUF0201013021 | K27: RR Trailing Arm (Heavy-Duty) | L27: 2 | M27: RMA | N27: Y0030 | O27: Yangzhou Wev International Trade Co.,Ltd. | P27: USD | U27: =TRIM(D27) -> Powertrain | V27: =IF(U27="Seat-Option",LEFT(I27,18),TRIM(I27)) -> F0201013021 | W27: GU | X27: Oversea-WEV | Y27: China | Z27: =_xlfn.XLOOKUP((W27&V27),[1]GRN_20260331!$H:$H,[1]GRN_20260331!$W:$W,0) -> 10.03 | AA27: =IF(W27="GU","USD","THB") -> USD | AB27: =IF(AA27="THB",AB$5,1) -> 1 | AC27: =Z27/AB27 -> 10.03 | AD27: =L27 -> 2 | AE27: =AC27*AD27 -> 20.06 | AG27: =_xlfn.XLOOKUP((W27&V27),[1]GRN_20260331!$H:$H,[1]GRN_20260331!$X:$X,0) -> 0.072851063 | AH27: =AD27 -> 2 | AI27: =AG27*AH27 -> 0.14570213
A28: 22 | D28: Powertrain | F28: 1 | G28: Buy | H28: EACH | I28: F0201009030 | J28: =IF(LEFT(I28,2)="CO",I28,IF(LEFT(I28,2)="54","HT"&I28,IF(LEFT(I28,2)="KI","KT_"&MID(I28,5,24),IF(P28="THB","GT"&I28,IF(P28="USD","GU"&I28,IF(P28="CNY","GC"&I28)))))) -> GUF0201009030 | K28: RR Stabilizer Bar | L28: 1 | M28: RMA | N28: Y0030 | O28: Yangzhou Wev International Trade Co.,Ltd. | P28: USD | U28: =TRIM(D28) -> Powertrain | V28: =IF(U28="Seat-Option",LEFT(I28,18),TRIM(I28)) -> F0201009030 | W28: GU | X28: Oversea-WEV | Y28: China | Z28: =_xlfn.XLOOKUP((W28&V28),[1]GRN_20260331!$H:$H,[1]GRN_20260331!$W:$W,0) -> 5.34 | AA28: =IF(W28="GU","USD","THB") -> USD | AB28: =IF(AA28="THB",AB$5,1) -> 1 | AC28: =Z28/AB28 -> 5.34 | AD28: =L28 -> 1 | AE28: =AC28*AD28 -> 5.34 | AG28: =_xlfn.XLOOKUP((W28&V28),[1]GRN_20260331!$H:$H,[1]GRN_20260331!$X:$X,0) -> 0.038786929 | AH28: =AD28 -> 1 | AI28: =AG28*AH28 -> 0.038786929
A29: 23 | D29: Powertrain | F29: 1 | G29: Make | H29: SET | I29: KIT_WHEEL_S4FNV2_00-00 | J29: =IF(LEFT(I29,2)="CO",I29,IF(LEFT(I29,2)="54","HT"&I29,IF(LEFT(I29,2)="KI","KT_"&MID(I29,5,24),IF(P29="THB","GT"&I29,IF(P29="USD","GU"&I29,IF(P29="CNY","GC"&I29)))))) -> KT_WHEEL_S4FNV2_00-00 | K29: Wheel&Tire Assy V2S 4+0 Golf | L29: 4 | M29: RMA | N29: P0001 | O29: Main Parts Supplier Template | P29: THB | U29: =TRIM(D29) -> Powertrain | V29: =IF(U29="Seat-Option",LEFT(I29,18),TRIM(I29)) -> KIT_WHEEL_S4FNV2_00-00 | W29: GT | X29: Local parts | Z29: 0 | AA29: =IF(W29="GU","USD","THB") -> THB | AB29: =IF(AA29="THB",AB$5,1) -> 32.1892 | AC29: =Z29/AB29 -> 0 | AD29: =L29 -> 4 | AE29: =Z29*AD29 -> 0 | AG29: 0 | AH29: =AD29 -> 4 | AI29: =AG29*AH29 -> 0
A30: 24 | D30: Powertrain | F30: 2 | G30: Buy | H30: EACH | I30: P-WHEELS4FNV2_00-00 | J30: =IF(LEFT(I30,2)="CO",I30,IF(LEFT(I30,2)="54","HT"&I30,IF(LEFT(I30,2)="KI","KT_"&MID(I30,5,24),IF(P30="THB","GT"&I30,IF(P30="USD","GU"&I30,IF(P30="CNY","GC"&I30)))))) -> GTP-WHEELS4FNV2_00-00 | K30: Process Wheel&Tire Assy V2S 4+0 Golf | L30: 1 | M30: RMA | N30: F0129 | O30: Feiyu Rubber Recycle (Thailand) Co., Ltd. | P30: THB | U30: =TRIM(D30) -> Powertrain | V30: =IF(U30="Seat-Option",LEFT(I30,18),TRIM(I30)) -> P-WHEELS4FNV2_00-00 | W30: GT | X30: Local parts | Y30: Thailand | Z30: =_xlfn.XLOOKUP((W30&V30),[1]GRN_20260331!$H:$H,[1]GRN_20260331!$W:$W,0) -> 42 | AA30: =IF(W30="GU","USD","THB") -> THB | AB30: =IF(AA30="THB",AB$5,1) -> 32.1892 | AC30: =Z30/AB30 -> 1.3047855 | AD30: 4 | AE30: =AC30*AD30 -> 5.2191418 | AG30: =_xlfn.XLOOKUP((W30&V30),[1]GRN_20260331!$H:$H,[1]GRN_20260331!$X:$X,0) -> 0 | AH30: =AD30 -> 4 | AI30: =AG30*AH30 -> 0
A31: 25 | D31: Powertrain | F31: 2 | G31: Buy | H31: EACH | I31: F0202009204 | J31: =IF(LEFT(I31,2)="CO",I31,IF(LEFT(I31,2)="54","HT"&I31,IF(LEFT(I31,2)="KI","KT_"&MID(I31,5,24),IF(P31="THB","GT"&I31,IF(P31="USD","GU"&I31,IF(P31="CNY","GC"&I31)))))) -> GTF0202009204 | K31: TIRE 215/35R14 AR20 | L31: 1 | M31: RMA | N31: F0129 | O31: Feiyu Rubber Recycle (Thailand) Co., Ltd. | P31: THB | U31: =TRIM(D31) -> Powertrain | V31: =IF(U31="Seat-Option",LEFT(I31,18),TRIM(I31)) -> F0202009204 | W31: GT | X31: Local parts | Y31: Thailand | Z31: =_xlfn.XLOOKUP((W31&V31),[1]GRN_20260331!$H:$H,[1]GRN_20260331!$W:$W,0) -> 1011.2 | AA31: =IF(W31="GU","USD","THB") -> THB | AB31: =IF(AA31="THB",AB$5,1) -> 32.1892 | AC31: =Z31/AB31 -> 31.414263 | AD31: 4 | AE31: =AC31*AD31 -> 125.65705 | AG31: =_xlfn.XLOOKUP((W31&V31),[1]GRN_20260331!$H:$H,[1]GRN_20260331!$X:$X,0) -> 0 | AH31: =AD31 -> 4 | AI31: =AG31*AH31 -> 0
A32: 26 | D32: Powertrain | F32: 2 | G32: Buy | H32: EACH | I32: F0202010215.1 | J32: =IF(LEFT(I32,2)="CO",I32,IF(LEFT(I32,2)="54","HT"&I32,IF(LEFT(I32,2)="KI","KT_"&MID(I32,5,24),IF(P32="THB","GT"&I32,IF(P32="USD","GU"&I32,IF(P32="CNY","GC"&I32)))))) -> GTF0202010215.1 | K32: ALLOY WHEEL 14x7 ET-25 (E-02) w/o Logo | L32: 1 | M32: RMA | N32: V0059 | O32: Vossen Manufacture (Thailand) Co., Ltd. | P32: THB | U32: =TRIM(D32) -> Powertrain | V32: =IF(U32="Seat-Option",LEFT(I32,18),TRIM(I32)) -> F0202010215.1 | W32: GT | X32: Local parts | Y32: Thailand | Z32: =_xlfn.XLOOKUP((W32&V32),[1]GRN_20260331!$H:$H,[1]GRN_20260331!$W:$W,0) -> 1216.87 | AA32: =IF(W32="GU","USD","THB") -> THB | AB32: =IF(AA32="THB",AB$5,1) -> 32.1892 | AC32: =Z32/AB32 -> 37.803673 | AD32: 4 | AE32: =AC32*AD32 -> 151.21469 | AG32: =_xlfn.XLOOKUP((W32&V32),[1]GRN_20260331!$H:$H,[1]GRN_20260331!$X:$X,0) -> 0 | AH32: =AD32 -> 4 | AI32: =AG32*AH32 -> 0
A33: 27 | D33: Powertrain | F33: 2 | G33: Buy | H33: EACH | I33: F0202010215.2 | J33: =IF(LEFT(I33,2)="CO",I33,IF(LEFT(I33,2)="54","HT"&I33,IF(LEFT(I33,2)="KI","KT_"&MID(I33,5,24),IF(P33="THB","GT"&I33,IF(P33="USD","GU"&I33,IF(P33="CNY","GC"&I33)))))) -> GTF0202010215.2 | K33: WHEEL CAP (WHL-CAP-2 JF006) w/ S-Logo | L33: 1 | M33: RMA | N33: V0059 | O33: Vossen Manufacture (Thailand) Co., Ltd. | P33: THB | U33: =TRIM(D33) -> Powertrain | V33: =IF(U33="Seat-Option",LEFT(I33,18),TRIM(I33)) -> F0202010215.2 | W33: GT | X33: Local parts | Y33: Thailand | Z33: =_xlfn.XLOOKUP((W33&V33),[1]GRN_20260331!$H:$H,[1]GRN_20260331!$W:$W,0) -> 47.9 | AA33: =IF(W33="GU","USD","THB") -> THB | AB33: =IF(AA33="THB",AB$5,1) -> 32.1892 | AC33: =Z33/AB33 -> 1.4880767 | AD33: 4 | AE33: =AC33*AD33 -> 5.952307 | AG33: =_xlfn.XLOOKUP((W33&V33),[1]GRN_20260331!$H:$H,[1]GRN_20260331!$X:$X,0) -> 0 | AH33: =AD33 -> 4 | AI33: =AG33*AH33 -> 0
A34: 28 | D34: Powertrain | F34: 2 | G34: Buy | H34: EACH | I34: AIR-VALVE-TR413 | J34: =IF(LEFT(I34,2)="CO",I34,IF(LEFT(I34,2)="54","HT"&I34,IF(LEFT(I34,2)="KI","KT_"&MID(I34,5,24),IF(P34="THB","GT"&I34,IF(P34="USD","GU"&I34,IF(P34="CNY","GC"&I34)))))) -> GTAIR-VALVE-TR413 | K34: Air Valve TR413 | L34: 1 | M34: RMA | N34: V0059 | O34: Vossen Manufacture (Thailand) Co., Ltd. | P34: THB | U34: =TRIM(D34) -> Powertrain | V34: =IF(U34="Seat-Option",LEFT(I34,18),TRIM(I34)) -> AIR-VALVE-TR413 | W34: GT | X34: Local parts | Y34: Thailand | Z34: =_xlfn.XLOOKUP((W34&V34),[1]GRN_20260331!$H:$H,[1]GRN_20260331!$W:$W,0) -> 5.05 | AA34: =IF(W34="GU","USD","THB") -> THB | AB34: =IF(AA34="THB",AB$5,1) -> 32.1892 | AC34: =Z34/AB34 -> 0.15688492 | AD34: 4 | AE34: =AC34*AD34 -> 0.62753967 | AG34: =_xlfn.XLOOKUP((W34&V34),[1]GRN_20260331!$H:$H,[1]GRN_20260331!$X:$X,0) -> 0 | AH34: =AD34 -> 4 | AI34: =AG34*AH34 -> 0
A35: 29 | D35: Powertrain | F35: 1 | G35: Buy | H35: EACH | I35: F0204002044 | J35: =IF(LEFT(I35,2)="CO",I35,IF(LEFT(I35,2)="54","HT"&I35,IF(LEFT(I35,2)="KI","KT_"&MID(I35,5,24),IF(P35="THB","GT"&I35,IF(P35="USD","GU"&I35,IF(P35="CNY","GC"&I35)))))) -> GUF0204002044 | K35: Adjustable Steering Shaft Tube | L35: 1 | M35: RMA | N35: Y0030 | O35: Yangzhou Wev International Trade Co.,Ltd. | P35: USD | U35: =TRIM(D35) -> Powertrain | V35: =IF(U35="Seat-Option",LEFT(I35,18),TRIM(I35)) -> F0204002044 | W35: GU | X35: Oversea-WEV | Y35: China | Z35: =_xlfn.XLOOKUP((W35&V35),[1]GRN_20260331!$H:$H,[1]GRN_20260331!$W:$W,0) -> 15.06 | AA35: =IF(W35="GU","USD","THB") -> USD | AB35: =IF(AA35="THB",AB$5,1) -> 1 | AC35: =Z35/AB35 -> 15.06 | AD35: =L35 -> 1 | AE35: =AC35*AD35 -> 15.06 | AG35: =_xlfn.XLOOKUP((W35&V35),[1]GRN_20260331!$H:$H,[1]GRN_20260331!$X:$X,0) -> 0.8147093 | AH35: =AD35 -> 1 | AI35: =AG35*AH35 -> 0.8147093
A36: 30 | D36: Powertrain | F36: 1 | G36: Buy | H36: EACH | I36: F2101105015 | J36: =IF(LEFT(I36,2)="CO",I36,IF(LEFT(I36,2)="54","HT"&I36,IF(LEFT(I36,2)="KI","KT_"&MID(I36,5,24),IF(P36="THB","GT"&I36,IF(P36="USD","GU"&I36,IF(P36="CNY","GC"&I36)))))) -> GUF2101105015 | K36: Steering Shaft Tube Pin Shaft | L36: 2 | M36: RMA | N36: Y0030 | O36: Yangzhou Wev International Trade Co.,Ltd. | P36: USD | U36: =TRIM(D36) -> Powertrain | V36: =IF(U36="Seat-Option",LEFT(I36,18),TRIM(I36)) -> F2101105015 | W36: GU | X36: Oversea-WEV | Y36: China | Z36: =_xlfn.XLOOKUP((W36&V36),[1]GRN_20260331!$H:$H,[1]GRN_20260331!$W:$W,0) -> 0.61 | AA36: =IF(W36="GU","USD","THB") -> USD | AB36: =IF(AA36="THB",AB$5,1) -> 1 | AC36: =Z36/AB36 -> 0.61 | AD36: =L36 -> 2 | AE36: =AC36*AD36 -> 1.22 | AG36: =_xlfn.XLOOKUP((W36&V36),[1]GRN_20260331!$H:$H,[1]GRN_20260331!$X:$X,0) -> 0.004364423 | AH36: =AD36 -> 2 | AI36: =AG36*AH36 -> 0.008728846
A37: 31 | D37: Powertrain | F37: 1 | G37: Buy | H37: EACH | I37: F2101083021 | J37: =IF(LEFT(I37,2)="CO",I37,IF(LEFT(I37,2)="54","HT"&I37,IF(LEFT(I37,2)="KI","KT_"&MID(I37,5,24),IF(P37="THB","GT"&I37,IF(P37="USD","GU"&I37,IF(P37="CNY","GC"&I37)))))) -> GUF2101083021 | K37: Butterfly Spring d12.2 D25 t1.5 Ho2.05 | L37: 2 | M37: RMA | N37: Y0030 | O37: Yangzhou Wev International Trade Co.,Ltd. | P37: USD | U37: =TRIM(D37) -> Powertrain | V37: =IF(U37="Seat-Option",LEFT(I37,18),TRIM(I37)) -> F2101083021 | W37: GU | X37: Oversea-WEV | Y37: China | Z37: =_xlfn.XLOOKUP((W37&V37),[1]GRN_20260331!$H:$H,[1]GRN_20260331!$W:$W,0) -> 0.09 | AA37: =IF(W37="GU","USD","THB") -> USD | AB37: =IF(AA37="THB",AB$5,1) -> 1 | AC37: =Z37/AB37 -> 0.09 | AD37: =L37 -> 2 | AE37: =AC37*AD37 -> 0.18 | AG37: =_xlfn.XLOOKUP((W37&V37),[1]GRN_20260331!$H:$H,[1]GRN_20260331!$X:$X,0) -> 0.00064399563 | AH37: =AD37 -> 2 | AI37: =AG37*AH37 -> 0.0012879913
A38: 32 | D38: Powertrain | F38: 1 | G38: Buy | H38: EACH | I38: F0204002038 | J38: =IF(LEFT(I38,2)="CO",I38,IF(LEFT(I38,2)="54","HT"&I38,IF(LEFT(I38,2)="KI","KT_"&MID(I38,5,24),IF(P38="THB","GT"&I38,IF(P38="USD","GU"&I38,IF(P38="CNY","GC"&I38)))))) -> GUF0204002038 | K38: Steering Shaft Tube Gas Spring | L38: 1 | M38: RMA | N38: Y0030 | O38: Yangzhou Wev International Trade Co.,Ltd. | P38: USD | U38: =TRIM(D38) -> Powertrain | V38: =IF(U38="Seat-Option",LEFT(I38,18),TRIM(I38)) -> F0204002038 | W38: GU | X38: Oversea-WEV | Y38: China | Z38: =_xlfn.XLOOKUP((W38&V38),[1]GRN_20260331!$H:$H,[1]GRN_20260331!$W:$W,0) -> 7.84 | AA38: =IF(W38="GU","USD","THB") -> USD | AB38: =IF(AA38="THB",AB$5,1) -> 1 | AC38: =Z38/AB38 -> 7.84 | AD38: =L38 -> 1 | AE38: =AC38*AD38 -> 7.84 | AG38: =_xlfn.XLOOKUP((W38&V38),[1]GRN_20260331!$H:$H,[1]GRN_20260331!$X:$X,0) -> 0.051000857 | AH38: =AD38 -> 1 | AI38: =AG38*AH38 -> 0.051000857
A39: 33 | D39: Powertrain | F39: 1 | G39: Buy | H39: EACH | I39: F2101105014 | J39: =IF(LEFT(I39,2)="CO",I39,IF(LEFT(I39,2)="54","HT"&I39,IF(LEFT(I39,2)="KI","KT_"&MID(I39,5,24),IF(P39="THB","GT"&I39,IF(P39="USD","GU"&I39,IF(P39="CNY","GC"&I39)))))) -> GUF2101105014 | K39: Shaft Pin 8×30 Tri-chrome | L39: 2 | M39: RMA | N39: Y0030 | O39: Yangzhou Wev International Trade Co.,Ltd. | P39: USD | U39: =TRIM(D39) -> Powertrain | V39: =IF(U39="Seat-Option",LEFT(I39,18),TRIM(I39)) -> F2101105014 | W39: GU | X39: Oversea-WEV | Y39: China | Z39: =_xlfn.XLOOKUP((W39&V39),[1]GRN_20260331!$H:$H,[1]GRN_20260331!$W:$W,0) -> 0.05 | AA39: =IF(W39="GU","USD","THB") -> USD | AB39: =IF(AA39="THB",AB$5,1) -> 1 | AC39: =Z39/AB39 -> 0.05 | AD39: =L39 -> 2 | AE39: =AC39*AD39 -> 0.1 | AG39: =_xlfn.XLOOKUP((W39&V39),[1]GRN_20260331!$H:$H,[1]GRN_20260331!$X:$X,0) -> 0.00032539048 | AH39: =AD39 -> 2 | AI39: =AG39*AH39 -> 0.00065078095
A40: 34 | D40: Powertrain | F40: 1 | G40: Buy | H40: EACH | I40: F0204002032 | J40: =IF(LEFT(I40,2)="CO",I40,IF(LEFT(I40,2)="54","HT"&I40,IF(LEFT(I40,2)="KI","KT_"&MID(I40,5,24),IF(P40="THB","GT"&I40,IF(P40="USD","GU"&I40,IF(P40="CNY","GC"&I40)))))) -> GUF0204002032 | K40: Steering Shaft Tube Hoop 1 (WH2027K) | L40: 1 | M40: RMA | N40: Y0030 | O40: Yangzhou Wev International Trade Co.,Ltd. | P40: USD | U40: =TRIM(D40) -> Powertrain | V40: =IF(U40="Seat-Option",LEFT(I40,18),TRIM(I40)) -> F0204002032 | W40: GU | X40: Oversea-WEV | Y40: China | Z40: =_xlfn.XLOOKUP((W40&V40),[1]GRN_20260331!$H:$H,[1]GRN_20260331!$W:$W,0) -> 0.88 | AA40: =IF(W40="GU","USD","THB") -> USD | AB40: =IF(AA40="THB",AB$5,1) -> 1 | AC40: =Z40/AB40 -> 0.88 | AD40: =L40 -> 1 | AE40: =AC40*AD40 -> 0.88 | AG40: =_xlfn.XLOOKUP((W40&V40),[1]GRN_20260331!$H:$H,[1]GRN_20260331!$X:$X,0) -> 0.006295905 | AH40: =AD40 -> 1 | AI40: =AG40*AH40 -> 0.006295905
A41: 35 | D41: Powertrain | F41: 1 | G41: Buy | H41: EACH | I41: F0204001030 | J41: =IF(LEFT(I41,2)="CO",I41,IF(LEFT(I41,2)="54","HT"&I41,IF(LEFT(I41,2)="KI","KT_"&MID(I41,5,24),IF(P41="THB","GT"&I41,IF(P41="USD","GU"&I41,IF(P41="CNY","GC"&I41)))))) -> GUF0204001030 | K41: Multifunction Steering Wheel (SIVO) | L41: 1 | M41: RMA | N41: Y0030 | O41: Yangzhou Wev International Trade Co.,Ltd. | P41: USD | R41: Replaced F0204001015, WL-ECN_2025-060 | U41: =TRIM(D41) -> Powertrain | V41: =IF(U41="Seat-Option",LEFT(I41,18),TRIM(I41)) -> F0204001030 | W41: GU | X41: Oversea-WEV | Y41: China | Z41: =_xlfn.XLOOKUP((W41&V41),[1]GRN_20260331!$H:$H,[1]GRN_20260331!$W:$W,0) -> 56.6 | AA41: =IF(W41="GU","USD","THB") -> USD | AB41: =IF(AA41="THB",AB$5,1) -> 1 | AC41: =Z41/AB41 -> 56.6 | AD41: =L41 -> 1 | AE41: =AC41*AD41 -> 56.6 | AG41: =_xlfn.XLOOKUP((W41&V41),[1]GRN_20260331!$H:$H,[1]GRN_20260331!$X:$X,0) -> 0.71880197 | AH41: =AD41 -> 1 | AI41: =AG41*AH41 -> 0.71880197
A42: 36 | D42: Powertrain | F42: 1 | G42: Buy | H42: EACH | I42: F0204004052 | J42: =IF(LEFT(I42,2)="CO",I42,IF(LEFT(I42,2)="54","HT"&I42,IF(LEFT(I42,2)="KI","KT_"&MID(I42,5,24),IF(P42="THB","GT"&I42,IF(P42="USD","GU"&I42,IF(P42="CNY","GC"&I42)))))) -> GUF0204004052 | K42: Steering Lower Shaft | L42: 1 | M42: RMA | N42: Y0030 | O42: Yangzhou Wev International Trade Co.,Ltd. | P42: USD | U42: =TRIM(D42) -> Powertrain | V42: =IF(U42="Seat-Option",LEFT(I42,18),TRIM(I42)) -> F0204004052 | W42: GU | X42: Oversea-WEV | Y42: China | Z42: =_xlfn.XLOOKUP((W42&V42),[1]GRN_20260331!$H:$H,[1]GRN_20260331!$W:$W,0) -> 8.76 | AA42: =IF(W42="GU","USD","THB") -> USD | AB42: =IF(AA42="THB",AB$5,1) -> 1 | AC42: =Z42/AB42 -> 8.76 | AD42: =L42 -> 1 | AE42: =AC42*AD42 -> 8.76 | AG42: =_xlfn.XLOOKUP((W42&V42),[1]GRN_20260331!$H:$H,[1]GRN_20260331!$X:$X,0) -> 0.06266925 | AH42: =AD42 -> 1 | AI42: =AG42*AH42 -> 0.06266925
A43: 37 | D43: Powertrain | F43: 1 | G43: Buy | H43: EACH | I43: F0204003025 | J43: =IF(LEFT(I43,2)="CO",I43,IF(LEFT(I43,2)="54","HT"&I43,IF(LEFT(I43,2)="KI","KT_"&MID(I43,5,24),IF(P43="THB","GT"&I43,IF(P43="USD","GU"&I43,IF(P43="CNY","GC"&I43)))))) -> GUF0204003025 | K43: Steering Gear Assembly | L43: 1 | M43: RMA | N43: Y0030 | O43: Yangzhou Wev International Trade Co.,Ltd. | P43: USD | U43: =TRIM(D43) -> Powertrain | V43: =IF(U43="Seat-Option",LEFT(I43,18),TRIM(I43)) -> F0204003025 | W43: GU | X43: Oversea-WEV | Y43: China | Z43: =_xlfn.XLOOKUP((W43&V43),[1]GRN_20260331!$H:$H,[1]GRN_20260331!$W:$W,0) -> 25.35 | AA43: =IF(W43="GU","USD","THB") -> USD | AB43: =IF(AA43="THB",AB$5,1) -> 1 | AC43: =Z43/AB43 -> 25.35 | AD43: =L43 -> 1 | AE43: =AC43*AD43 -> 25.35 | AG43: =_xlfn.XLOOKUP((W43&V43),[1]GRN_20260331!$H:$H,[1]GRN_20260331!$X:$X,0) -> 0.16490937 | AH43: =AD43 -> 1 | AI43: =AG43*AH43 -> 0.16490937
A44: 38 | D44: Powertrain | F44: 1 | G44: Buy | H44: EACH | I44: F0303002008 | J44: =IF(LEFT(I44,2)="CO",I44,IF(LEFT(I44,2)="54","HT"&I44,IF(LEFT(I44,2)="KI","KT_"&MID(I44,5,24),IF(P44="THB","GT"&I44,IF(P44="USD","GU"&I44,IF(P44="CNY","GC"&I44)))))) -> GUF0303002008 | K44: Cast Alum Large Pedal Accelerator BLK | L44: 1 | M44: RMA | N44: Y0030 | O44: Yangzhou Wev International Trade Co.,Ltd. | P44: USD | U44: =TRIM(D44) -> Powertrain | V44: =IF(U44="Seat-Option",LEFT(I44,18),TRIM(I44)) -> F0303002008 | W44: GU | X44: Oversea-WEV | Y44: China | Z44: =_xlfn.XLOOKUP((W44&V44),[1]GRN_20260331!$H:$H,[1]GRN_20260331!$W:$W,0) -> 50.46 | AA44: =IF(W44="GU","USD","THB") -> USD | AB44: =IF(AA44="THB",AB$5,1) -> 1 | AC44: =Z44/AB44 -> 50.46 | AD44: =L44 -> 1 | AE44: =AC44*AD44 -> 50.46 | AG44: =_xlfn.XLOOKUP((W44&V44),[1]GRN_20260331!$H:$H,[1]GRN_20260331!$X:$X,0) -> 0.40025197 | AH44: =AD44 -> 1 | AI44: =AG44*AH44 -> 0.40025197
A45: 39 | D45: Powertrain | F45: 1 | G45: Buy | H45: EACH | I45: F0103035090 | J45: =IF(LEFT(I45,2)="CO",I45,IF(LEFT(I45,2)="54","HT"&I45,IF(LEFT(I45,2)="KI","KT_"&MID(I45,5,24),IF(P45="THB","GT"&I45,IF(P45="USD","GU"&I45,IF(P45="CNY","GC"&I45)))))) -> GUF0103035090 | K45: Accelerator Pedal Rubber Sleeve | L45: 1 | M45: RMA | N45: Y0030 | O45: Yangzhou Wev International Trade Co.,Ltd. | P45: USD | U45: =TRIM(D45) -> Powertrain | V45: =IF(U45="Seat-Option",LEFT(I45,18),TRIM(I45)) -> F0103035090 | W45: GU | X45: Oversea-WEV | Y45: China | Z45: =_xlfn.XLOOKUP((W45&V45),[1]GRN_20260331!$H:$H,[1]GRN_20260331!$W:$W,0) -> 0.45 | AA45: =IF(W45="GU","USD","THB") -> USD | AB45: =IF(AA45="THB",AB$5,1) -> 1 | AC45: =Z45/AB45 -> 0.45 | AD45: =L45 -> 1 | AE45: =AC45*AD45 -> 0.45 | AG45: =_xlfn.XLOOKUP((W45&V45),[1]GRN_20260331!$H:$H,[1]GRN_20260331!$X:$X,0) -> 0.013113144 | AH45: =AD45 -> 1 | AI45: =AG45*AH45 -> 0.013113144
A46: 40 | D46: Powertrain | F46: 1 | G46: Buy | H46: EACH | I46: F0103035091 | J46: =IF(LEFT(I46,2)="CO",I46,IF(LEFT(I46,2)="54","HT"&I46,IF(LEFT(I46,2)="KI","KT_"&MID(I46,5,24),IF(P46="THB","GT"&I46,IF(P46="USD","GU"&I46,IF(P46="CNY","GC"&I46)))))) -> GUF0103035091 | K46: Brake Pedal Rubber Sleeve | L46: 1 | M46: RMA | N46: Y0030 | O46: Yangzhou Wev International Trade Co.,Ltd. | P46: USD | U46: =TRIM(D46) -> Powertrain | V46: =IF(U46="Seat-Option",LEFT(I46,18),TRIM(I46)) -> F0103035091 | W46: GU | X46: Oversea-WEV | Y46: China | Z46: =_xlfn.XLOOKUP((W46&V46),[1]GRN_20260331!$H:$H,[1]GRN_20260331!$W:$W,0) -> 0.73 | AA46: =IF(W46="GU","USD","THB") -> USD | AB46: =IF(AA46="THB",AB$5,1) -> 1 | AC46: =Z46/AB46 -> 0.73 | AD46: =L46 -> 1 | AE46: =AC46*AD46 -> 0.73 | AG46: =_xlfn.XLOOKUP((W46&V46),[1]GRN_20260331!$H:$H,[1]GRN_20260331!$X:$X,0) -> 0.005790825 | AH46: =AD46 -> 1 | AI46: =AG46*AH46 -> 0.005790825
A47: 41 | D47: Powertrain | F47: 1 | G47: Buy | H47: EACH | I47: D2201005 | J47: =IF(LEFT(I47,2)="CO",I47,IF(LEFT(I47,2)="54","HT"&I47,IF(LEFT(I47,2)="KI","KT_"&MID(I47,5,24),IF(P47="THB","GT"&I47,IF(P47="USD","GU"&I47,IF(P47="CNY","GC"&I47)))))) -> GUD2201005 | K47: Brake Fluid Reservoir | L47: 1 | M47: RMA | N47: Y0030 | O47: Yangzhou Wev International Trade Co.,Ltd. | P47: USD | U47: =TRIM(D47) -> Powertrain | V47: =IF(U47="Seat-Option",LEFT(I47,18),TRIM(I47)) -> D2201005 | W47: GU | X47: Oversea-WEV | Y47: China | Z47: =_xlfn.XLOOKUP((W47&V47),[1]GRN_20260331!$H:$H,[1]GRN_20260331!$W:$W,0) -> 0.81 | AA47: =IF(W47="GU","USD","THB") -> USD | AB47: =IF(AA47="THB",AB$5,1) -> 1 | AC47: =Z47/AB47 -> 0.81 | AD47: =L47 -> 1 | AE47: =AC47*AD47 -> 0.81 | AG47: =_xlfn.XLOOKUP((W47&V47),[1]GRN_20260331!$H:$H,[1]GRN_20260331!$X:$X,0) -> 0.0058849565 | AH47: =AD47 -> 1 | AI47: =AG47*AH47 -> 0.0058849565
A48: 42 | D48: Powertrain | F48: 1 | G48: Buy | H48: EACH | I48: F0103035092 | J48: =IF(LEFT(I48,2)="CO",I48,IF(LEFT(I48,2)="54","HT"&I48,IF(LEFT(I48,2)="KI","KT_"&MID(I48,5,24),IF(P48="THB","GT"&I48,IF(P48="USD","GU"&I48,IF(P48="CNY","GC"&I48)))))) -> GUF0103035092 | K48: Reservoir Sealing Gasket | L48: 1 | M48: RMA | N48: Y0030 | O48: Yangzhou Wev International Trade Co.,Ltd. | P48: USD | U48: =TRIM(D48) -> Powertrain | V48: =IF(U48="Seat-Option",LEFT(I48,18),TRIM(I48)) -> F0103035092 | W48: GU | X48: Oversea-WEV | Y48: China | Z48: =_xlfn.XLOOKUP((W48&V48),[1]GRN_20260331!$H:$H,[1]GRN_20260331!$W:$W,0) -> 0.05 | AA48: =IF(W48="GU","USD","THB") -> USD | AB48: =IF(AA48="THB",AB$5,1) -> 1 | AC48: =Z48/AB48 -> 0.05 | AD48: =L48 -> 1 | AE48: =AC48*AD48 -> 0.05 | AG48: =_xlfn.XLOOKUP((W48&V48),[1]GRN_20260331!$H:$H,[1]GRN_20260331!$X:$X,0) -> 0.0003958875 | AH48: =AD48 -> 1 | AI48: =AG48*AH48 -> 0.0003958875
A49: 43 | D49: Powertrain | F49: 1 | G49: Buy | H49: EACH | I49: F0203013013 | J49: =IF(LEFT(I49,2)="CO",I49,IF(LEFT(I49,2)="54","HT"&I49,IF(LEFT(I49,2)="KI","KT_"&MID(I49,5,24),IF(P49="THB","GT"&I49,IF(P49="USD","GU"&I49,IF(P49="CNY","GC"&I49)))))) -> GUF0203013013 | K49: 304 SS GERMAN HOSE CLAMP 16-18MM | L49: 4 | M49: RMA | N49: Y0030 | O49: Yangzhou Wev International Trade Co.,Ltd. | P49: USD | U49: =TRIM(D49) -> Powertrain | V49: =IF(U49="Seat-Option",LEFT(I49,18),TRIM(I49)) -> F0203013013 | W49: GU | X49: Oversea-WEV | Y49: China | Z49: =_xlfn.XLOOKUP((W49&V49),[1]GRN_20260331!$H:$H,[1]GRN_20260331!$W:$W,0) -> 0.41 | AA49: =IF(W49="GU","USD","THB") -> USD | AB49: =IF(AA49="THB",AB$5,1) -> 1 | AC49: =Z49/AB49 -> 0.41 | AD49: =L49 -> 4 | AE49: =AC49*AD49 -> 1.64 | AG49: =_xlfn.XLOOKUP((W49&V49),[1]GRN_20260331!$H:$H,[1]GRN_20260331!$X:$X,0) -> 0.0029781059 | AH49: =AD49 -> 4 | AI49: =AG49*AH49 -> 0.011912424
A50: 44 | D50: Powertrain | F50: 1 | G50: Buy | H50: MTR | I50: Y0316020008 | J50: =IF(LEFT(I50,2)="CO",I50,IF(LEFT(I50,2)="54","HT"&I50,IF(LEFT(I50,2)="KI","KT_"&MID(I50,5,24),IF(P50="THB","GT"&I50,IF(P50="USD","GU"&I50,IF(P50="CNY","GC"&I50)))))) -> GUY0316020008 | K50: Clutch Oil Pipe (ID 10mm) | L50: 1.6 | M50: RMA | N50: Y0030 | O50: Yangzhou Wev International Trade Co.,Ltd. | P50: USD | U50: =TRIM(D50) -> Powertrain | V50: =IF(U50="Seat-Option",LEFT(I50,18),TRIM(I50)) -> Y0316020008 | W50: GU | X50: Oversea-WEV | Y50: China | Z50: =_xlfn.XLOOKUP((W50&V50),[1]GRN_20260331!$H:$H,[1]GRN_20260331!$W:$W,0) -> 1.87 | AA50: =IF(W50="GU","USD","THB") -> USD | AB50: =IF(AA50="THB",AB$5,1) -> 1 | AC50: =Z50/AB50 -> 1.87 | AD50: =L50 -> 1.6 | AE50: =AC50*AD50 -> 2.992 | AG50: =_xlfn.XLOOKUP((W50&V50),[1]GRN_20260331!$H:$H,[1]GRN_20260331!$X:$X,0) -> 0.013582092 | AH50: =AD50 -> 1.6 | AI50: =AG50*AH50 -> 0.021731347
A51: 45 | D51: Powertrain | F51: 1 | G51: Buy | H51: EACH | I51: F0203003104 | J51: =IF(LEFT(I51,2)="CO",I51,IF(LEFT(I51,2)="54","HT"&I51,IF(LEFT(I51,2)="KI","KT_"&MID(I51,5,24),IF(P51="THB","GT"&I51,IF(P51="USD","GU"&I51,IF(P51="CNY","GC"&I51)))))) -> GUF0203003104 | K51: Brake Master Cyl (Nanjing Jinjiang) | L51: 1 | M51: RMA | N51: Y0030 | O51: Yangzhou Wev International Trade Co.,Ltd. | P51: USD | U51: =TRIM(D51) -> Powertrain | V51: =IF(U51="Seat-Option",LEFT(I51,18),TRIM(I51)) -> F0203003104 | W51: GU | X51: Oversea-WEV | Y51: China | Z51: =_xlfn.XLOOKUP((W51&V51),[1]GRN_20260331!$H:$H,[1]GRN_20260331!$W:$W,0) -> 10.35 | AA51: =IF(W51="GU","USD","THB") -> USD | AB51: =IF(AA51="THB",AB$5,1) -> 1 | AC51: =Z51/AB51 -> 10.35 | AD51: =L51 -> 1 | AE51: =AC51*AD51 -> 10.35 | AG51: =_xlfn.XLOOKUP((W51&V51),[1]GRN_20260331!$H:$H,[1]GRN_20260331!$X:$X,0) -> 0.075177529 | AH51: =AD51 -> 1 | AI51: =AG51*AH51 -> 0.075177529
A52: 46 | D52: Powertrain | F52: 1 | G52: Buy | H52: EACH | I52: F0203007008 | J52: =IF(LEFT(I52,2)="CO",I52,IF(LEFT(I52,2)="54","HT"&I52,IF(LEFT(I52,2)="KI","KT_"&MID(I52,5,24),IF(P52="THB","GT"&I52,IF(P52="USD","GU"&I52,IF(P52="CNY","GC"&I52)))))) -> GUF0203007008 | K52: Brake Hose (L510, Straight-L) | L52: 2 | M52: RMA | N52: Y0030 | O52: Yangzhou Wev International Trade Co.,Ltd. | P52: USD | U52: =TRIM(D52) -> Powertrain | V52: =IF(U52="Seat-Option",LEFT(I52,18),TRIM(I52)) -> F0203007008 | W52: GU | X52: Oversea-WEV | Y52: China | Z52: =_xlfn.XLOOKUP((W52&V52),[1]GRN_20260331!$H:$H,[1]GRN_20260331!$W:$W,0) -> 2.23 | AA52: =IF(W52="GU","USD","THB") -> USD | AB52: =IF(AA52="THB",AB$5,1) -> 1 | AC52: =Z52/AB52 -> 2.23 | AD52: =L52 -> 2 | AE52: =AC52*AD52 -> 4.46 | AG52: =_xlfn.XLOOKUP((W52&V52),[1]GRN_20260331!$H:$H,[1]GRN_20260331!$X:$X,0) -> 0.016197141 | AH52: =AD52 -> 2 | AI52: =AG52*AH52 -> 0.032394282
A53: 47 | D53: Powertrain | F53: 1 | G53: Buy | H53: EACH | I53: F0203006058 | J53: =IF(LEFT(I53,2)="CO",I53,IF(LEFT(I53,2)="54","HT"&I53,IF(LEFT(I53,2)="KI","KT_"&MID(I53,5,24),IF(P53="THB","GT"&I53,IF(P53="USD","GU"&I53,IF(P53="CNY","GC"&I53)))))) -> GUF0203006058 | K53: V2 Brake Hard Oil Pipe Mid and RR | L53: 1 | M53: RMA | N53: Y0030 | O53: Yangzhou Wev International Trade Co.,Ltd. | P53: USD | U53: =TRIM(D53) -> Powertrain | V53: =IF(U53="Seat-Option",LEFT(I53,18),TRIM(I53)) -> F0203006058 | W53: GU | X53: Oversea-WEV | Y53: China | Z53: =_xlfn.XLOOKUP((W53&V53),[1]GRN_20260331!$H:$H,[1]GRN_20260331!$W:$W,0) -> 2.74 | AA53: =IF(W53="GU","USD","THB") -> USD | AB53: =IF(AA53="THB",AB$5,1) -> 1 | AC53: =Z53/AB53 -> 2.74 | AD53: =L53 -> 1 | AE53: =AC53*AD53 -> 2.74 | AG53: =_xlfn.XLOOKUP((W53&V53),[1]GRN_20260331!$H:$H,[1]GRN_20260331!$X:$X,0) -> 0.021735 | AH53: =AD53 -> 1 | AI53: =AG53*AH53 -> 0.021735
... A100: 94 | D100: Plastic | F100: 1 | G100: Buy | H100: EACH | I100: F0102089043 | J100: =IF(LEFT(I100,2)="CO",I100,IF(LEFT(I100,2)="54","HT"&I100,IF(LEFT(I100,2)="KI","KT_"&MID(I100,5,24),IF(P100="THB","GT"&I100,IF(P100="USD","GU"&I100,IF(P100="CNY","GC"&I100)))))) -> GTF0102089043 | K100: Air Duct | L100: 4 | M100: RMA | N100: J0019 | O100: J.V. (Thailand) Co.,Ltd. | P100: THB | U100: =TRIM(D100) -> Plastic | V100: =IF(U100="Seat-Option",LEFT(I100,18),TRIM(I100)) -> F0102089043 | W100: GT | X100: Local parts | Y100: Thailand | Z100: =_xlfn.XLOOKUP((W100&V100),[1]GRN_20260331!$H:$H,[1]GRN_20260331!$W:$W,0) -> 12 | AA100: =IF(W100="GU","USD","THB") -> THB | AB100: =IF(AA100="THB",AB$5,1) -> 32.1892 | AC100: =Z100/AB100 -> 0.37279584 | AD100: =L100 -> 4 | AE100: =AC100*AD100 -> 1.4911834 | AG100: =_xlfn.XLOOKUP((W100&V100),[1]GRN_20260331!$H:$H,[1]GRN_20260331!$X:$X,0) -> 0 | AH100: =AD100 -> 4 | AI100: =AG100*AH100 -> 0
A101: 95 | D101: Plastic | F101: 1 | G101: Non-Buy | H101: SET | I101: F0102089044 | J101: =IF(LEFT(I101,2)="CO",I101,IF(LEFT(I101,2)="54","HT"&I101,IF(LEFT(I101,2)="KI","KT_"&MID(I101,5,24),IF(P101="THB","GT"&I101,IF(P101="USD","GU"&I101,IF(P101="CNY","GC"&I101)))))) -> GTF0102089044 | K101: Air Vent Assembly | L101: 1 | M101: RMA | N101: P0001 | O101: Main Parts Supplier Template | P101: THB | U101: =TRIM(D101) -> Plastic | V101: =IF(U101="Seat-Option",LEFT(I101,18),TRIM(I101)) -> F0102089044 | W101: GT | X101: Local parts | Z101: 0 | AA101: =IF(W101="GU","USD","THB") -> THB | AB101: =IF(AA101="THB",AB$5,1) -> 32.1892 | AC101: =Z101/AB101 -> 0 | AD101: =L101 -> 1 | AE101: =Z101*AD101 -> 0 | AG101: 0 | AH101: =AD101 -> 1 | AI101: =AG101*AH101 -> 0
A102: 96 | D102: Plastic | F102: 2 | G102: Buy | H102: EACH | I102: F0102089044.1 | J102: =IF(LEFT(I102,2)="CO",I102,IF(LEFT(I102,2)="54","HT"&I102,IF(LEFT(I102,2)="KI","KT_"&MID(I102,5,24),IF(P102="THB","GT"&I102,IF(P102="USD","GU"&I102,IF(P102="CNY","GC"&I102)))))) -> GTF0102089044.1 | K102: Air Vent Body | L102: 4 | M102: RMA | N102: J0019 | O102: J.V. (Thailand) Co.,Ltd. | P102: THB | U102: =TRIM(D102) -> Plastic | V102: =IF(U102="Seat-Option",LEFT(I102,18),TRIM(I102)) -> F0102089044.1 | W102: GT | X102: Local parts | Y102: Thailand | Z102: =_xlfn.XLOOKUP((W102&V102),[1]GRN_20260331!$H:$H,[1]GRN_20260331!$W:$W,0) -> 7 | AA102: =IF(W102="GU","USD","THB") -> THB | AB102: =IF(AA102="THB",AB$5,1) -> 32.1892 | AC102: =Z102/AB102 -> 0.21746424 | AD102: =L102 -> 4 | AE102: =AC102*AD102 -> 0.86985697 | AG102: =_xlfn.XLOOKUP((W102&V102),[1]GRN_20260331!$H:$H,[1]GRN_20260331!$X:$X,0) -> 0 | AH102: =AD102 -> 4 | AI102: =AG102*AH102 -> 0
A103: 97 | D103: Plastic | F103: 2 | G103: Buy | H103: EACH | I103: F0102089044.2 | J103: =IF(LEFT(I103,2)="CO",I103,IF(LEFT(I103,2)="54","HT"&I103,IF(LEFT(I103,2)="KI","KT_"&MID(I103,5,24),IF(P103="THB","GT"&I103,IF(P103="USD","GU"&I103,IF(P103="CNY","GC"&I103)))))) -> GTF0102089044.2 | K103: Air Vent Panel | L103: 4 | M103: RMA | N103: J0019 | O103: J.V. (Thailand) Co.,Ltd. | P103: THB | U103: =TRIM(D103) -> Plastic | V103: =IF(U103="Seat-Option",LEFT(I103,18),TRIM(I103)) -> F0102089044.2 | W103: GT | X103: Local parts | Y103: Thailand | Z103: =_xlfn.XLOOKUP((W103&V103),[1]GRN_20260331!$H:$H,[1]GRN_20260331!$W:$W,0) -> 6 | AA103: =IF(W103="GU","USD","THB") -> THB | AB103: =IF(AA103="THB",AB$5,1) -> 32.1892 | AC103: =Z103/AB103 -> 0.18639792 | AD103: =L103 -> 4 | AE103: =AC103*AD103 -> 0.74559169 | AG103: =_xlfn.XLOOKUP((W103&V103),[1]GRN_20260331!$H:$H,[1]GRN_20260331!$X:$X,0) -> 0 | AH103: =AD103 -> 4 | AI103: =AG103*AH103 -> 0
A104: 98 | D104: Plastic | F104: 2 | G104: Buy | H104: EACH | I104: F0102089044.3 | J104: =IF(LEFT(I104,2)="CO",I104,IF(LEFT(I104,2)="54","HT"&I104,IF(LEFT(I104,2)="KI","KT_"&MID(I104,5,24),IF(P104="THB","GT"&I104,IF(P104="USD","GU"&I104,IF(P104="CNY","GC"&I104)))))) -> GTF0102089044.3 | K104: Air Deflector Upper Mt Brkt | L104: 4 | M104: RMA | N104: J0019 | O104: J.V. (Thailand) Co.,Ltd. | P104: THB | U104: =TRIM(D104) -> Plastic | V104: =IF(U104="Seat-Option",LEFT(I104,18),TRIM(I104)) -> F0102089044.3 | W104: GT | X104: Local parts | Y104: Thailand | Z104: =_xlfn.XLOOKUP((W104&V104),[1]GRN_20260331!$H:$H,[1]GRN_20260331!$W:$W,0) -> 20 | AA104: =IF(W104="GU","USD","THB") -> THB | AB104: =IF(AA104="THB",AB$5,1) -> 32.1892 | AC104: =Z104/AB104 -> 0.62132641 | AD104: =L104 -> 4 | AE104: =AC104*AD104 -> 2.4853056 | AG104: =_xlfn.XLOOKUP((W104&V104),[1]GRN_20260331!$H:$H,[1]GRN_20260331!$X:$X,0) -> 0 | AH104: =AD104 -> 4 | AI104: =AG104*AH104 -> 0
A105: 99 | D105: Plastic | F105: 2 | G105: Buy | H105: EACH | I105: F0102089044.4 | J105: =IF(LEFT(I105,2)="CO",I105,IF(LEFT(I105,2)="54","HT"&I105,IF(LEFT(I105,2)="KI","KT_"&MID(I105,5,24),IF(P105="THB","GT"&I105,IF(P105="USD","GU"&I105,IF(P105="CNY","GC"&I105)))))) -> GTF0102089044.4 | K105: Air Deflector Lower Mt Brkt | L105: 4 | M105: RMA | N105: J0019 | O105: J.V. (Thailand) Co.,Ltd. | P105: THB | U105: =TRIM(D105) -> Plastic | V105: =IF(U105="Seat-Option",LEFT(I105,18),TRIM(I105)) -> F0102089044.4 | W105: GT | X105: Local parts | Y105: Thailand | Z105: =_xlfn.XLOOKUP((W105&V105),[1]GRN_20260331!$H:$H,[1]GRN_20260331!$W:$W,0) -> 20 | AA105: =IF(W105="GU","USD","THB") -> THB | AB105: =IF(AA105="THB",AB$5,1) -> 32.1892 | AC105: =Z105/AB105 -> 0.62132641 | AD105: =L105 -> 4 | AE105: =AC105*AD105 -> 2.4853056 | AG105: =_xlfn.XLOOKUP((W105&V105),[1]GRN_20260331!$H:$H,[1]GRN_20260331!$X:$X,0) -> 0 | AH105: =AD105 -> 4 | AI105: =AG105*AH105 -> 0
A106: 100 | D106: Plastic | F106: 2 | G106: Buy | H106: EACH | I106: F0102089044.5 | J106: =IF(LEFT(I106,2)="CO",I106,IF(LEFT(I106,2)="54","HT"&I106,IF(LEFT(I106,2)="KI","KT_"&MID(I106,5,24),IF(P106="THB","GT"&I106,IF(P106="USD","GU"&I106,IF(P106="CNY","GC"&I106)))))) -> GTF0102089044.5 | K106: L/R Air Deflector Conn Rod | L106: 4 | M106: RMA | N106: J0019 | O106: J.V. (Thailand) Co.,Ltd. | P106: THB | U106: =TRIM(D106) -> Plastic | V106: =IF(U106="Seat-Option",LEFT(I106,18),TRIM(I106)) -> F0102089044.5 | W106: GT | X106: Local parts | Y106: Thailand | Z106: =_xlfn.XLOOKUP((W106&V106),[1]GRN_20260331!$H:$H,[1]GRN_20260331!$W:$W,0) -> 20 | AA106: =IF(W106="GU","USD","THB") -> THB | AB106: =IF(AA106="THB",AB$5,1) -> 32.1892 | AC106: =Z106/AB106 -> 0.62132641 | AD106: =L106 -> 4 | AE106: =AC106*AD106 -> 2.4853056 | AG106: =_xlfn.XLOOKUP((W106&V106),[1]GRN_20260331!$H:$H,[1]GRN_20260331!$X:$X,0) -> 0 | AH106: =AD106 -> 4 | AI106: =AG106*AH106 -> 0
A107: 101 | D107: Plastic | F107: 2 | G107: Buy | H107: EACH | I107: F0102089044.6 | J107: =IF(LEFT(I107,2)="CO",I107,IF(LEFT(I107,2)="54","HT"&I107,IF(LEFT(I107,2)="KI","KT_"&MID(I107,5,24),IF(P107="THB","GT"&I107,IF(P107="USD","GU"&I107,IF(P107="CNY","GC"&I107)))))) -> GTF0102089044.6 | K107: Up/Down Air Deflector | L107: 4 | M107: RMA | N107: J0019 | O107: J.V. (Thailand) Co.,Ltd. | P107: THB | U107: =TRIM(D107) -> Plastic | V107: =IF(U107="Seat-Option",LEFT(I107,18),TRIM(I107)) -> F0102089044.6 | W107: GT | X107: Local parts | Y107: Thailand | Z107: =_xlfn.XLOOKUP((W107&V107),[1]GRN_20260331!$H:$H,[1]GRN_20260331!$W:$W,0) -> 20 | AA107: =IF(W107="GU","USD","THB") -> THB | AB107: =IF(AA107="THB",AB$5,1) -> 32.1892 | AC107: =Z107/AB107 -> 0.62132641 | AD107: =L107 -> 4 | AE107: =AC107*AD107 -> 2.4853056 | AG107: =_xlfn.XLOOKUP((W107&V107),[1]GRN_20260331!$H:$H,[1]GRN_20260331!$X:$X,0) -> 0 | AH107: =AD107 -> 4 | AI107: =AG107*AH107 -> 0
A108: 102 | D108: Plastic | F108: 2 | G108: Buy | H108: EACH | I108: F0102089044.7 | J108: =IF(LEFT(I108,2)="CO",I108,IF(LEFT(I108,2)="54","HT"&I108,IF(LEFT(I108,2)="KI","KT_"&MID(I108,5,24),IF(P108="THB","GT"&I108,IF(P108="USD","GU"&I108,IF(P108="CNY","GC"&I108)))))) -> GTF0102089044.7 | K108: Air Vent Adjust Handle | L108: 4 | M108: RMA | N108: J0019 | O108: J.V. (Thailand) Co.,Ltd. | P108: THB | U108: =TRIM(D108) -> Plastic | V108: =IF(U108="Seat-Option",LEFT(I108,18),TRIM(I108)) -> F0102089044.7 | W108: GT | X108: Local parts | Y108: Thailand | Z108: =_xlfn.XLOOKUP((W108&V108),[1]GRN_20260331!$H:$H,[1]GRN_20260331!$W:$W,0) -> 20 | AA108: =IF(W108="GU","USD","THB") -> THB | AB108: =IF(AA108="THB",AB$5,1) -> 32.1892 | AC108: =Z108/AB108 -> 0.62132641 | AD108: =L108 -> 4 | AE108: =AC108*AD108 -> 2.4853056 | AG108: =_xlfn.XLOOKUP((W108&V108),[1]GRN_20260331!$H:$H,[1]GRN_20260331!$X:$X,0) -> 0 | AH108: =AD108 -> 4 | AI108: =AG108*AH108 -> 0
A109: 103 | D109: Plastic | F109: 2 | G109: Buy | H109: EACH | I109: F0102089044.8 | J109: =IF(LEFT(I109,2)="CO",I109,IF(LEFT(I109,2)="54","HT"&I109,IF(LEFT(I109,2)="KI","KT_"&MID(I109,5,24),IF(P109="THB","GT"&I109,IF(P109="USD","GU"&I109,IF(P109="CNY","GC"&I109)))))) -> GTF0102089044.8 | K109: Air Vent Adjust Handle Flap | L109: 4 | M109: RMA | N109: J0019 | O109: J.V. (Thailand) Co.,Ltd. | P109: THB | U109: =TRIM(D109) -> Plastic | V109: =IF(U109="Seat-Option",LEFT(I109,18),TRIM(I109)) -> F0102089044.8 | W109: GT | X109: Local parts | Y109: Thailand | Z109: =_xlfn.XLOOKUP((W109&V109),[1]GRN_20260331!$H:$H,[1]GRN_20260331!$W:$W,0) -> 20 | AA109: =IF(W109="GU","USD","THB") -> THB | AB109: =IF(AA109="THB",AB$5,1) -> 32.1892 | AC109: =Z109/AB109 -> 0.62132641 | AD109: =L109 -> 4 | AE109: =AC109*AD109 -> 2.4853056 | AG109: =_xlfn.XLOOKUP((W109&V109),[1]GRN_20260331!$H:$H,[1]GRN_20260331!$X:$X,0) -> 0 | AH109: =AD109 -> 4 | AI109: =AG109*AH109 -> 0
A110: 104 | D110: Plastic | F110: 2 | G110: Buy | H110: EACH | I110: F0102089044.9 | J110: =IF(LEFT(I110,2)="CO",I110,IF(LEFT(I110,2)="54","HT"&I110,IF(LEFT(I110,2)="KI","KT_"&MID(I110,5,24),IF(P110="THB","GT"&I110,IF(P110="USD","GU"&I110,IF(P110="CNY","GC"&I110)))))) -> GTF0102089044.9 | K110: L/R Air Deflector 1 | L110: 16 | M110: RMA | N110: J0019 | O110: J.V. (Thailand) Co.,Ltd. | P110: THB | U110: =TRIM(D110) -> Plastic | V110: =IF(U110="Seat-Option",LEFT(I110,18),TRIM(I110)) -> F0102089044.9 | W110: GT | X110: Local parts | Y110: Thailand | Z110: =_xlfn.XLOOKUP((W110&V110),[1]GRN_20260331!$H:$H,[1]GRN_20260331!$W:$W,0) -> 5 | AA110: =IF(W110="GU","USD","THB") -> THB | AB110: =IF(AA110="THB",AB$5,1) -> 32.1892 | AC110: =Z110/AB110 -> 0.1553316 | AD110: =L110 -> 16 | AE110: =AC110*AD110 -> 2.4853056 | AG110: =_xlfn.XLOOKUP((W110&V110),[1]GRN_20260331!$H:$H,[1]GRN_20260331!$X:$X,0) -> 0 | AH110: =AD110 -> 16 | AI110: =AG110*AH110 -> 0
A111: 105 | D111: Plastic | F111: 2 | G111: Buy | H111: EACH | I111: F0102089044.10 | J111: =IF(LEFT(I111,2)="CO",I111,IF(LEFT(I111,2)="54","HT"&I111,IF(LEFT(I111,2)="KI","KT_"&MID(I111,5,24),IF(P111="THB","GT"&I111,IF(P111="USD","GU"&I111,IF(P111="CNY","GC"&I111)))))) -> GTF0102089044.10 | K111: L/R Air Deflector 2 | L111: 4 | M111: RMA | N111: J0019 | O111: J.V. (Thailand) Co.,Ltd. | P111: THB | U111: =TRIM(D111) -> Plastic | V111: =IF(U111="Seat-Option",LEFT(I111,18),TRIM(I111)) -> F0102089044.10 | W111: GT | X111: Local parts | Y111: Thailand | Z111: =_xlfn.XLOOKUP((W111&V111),[1]GRN_20260331!$H:$H,[1]GRN_20260331!$W:$W,0) -> 20 | AA111: =IF(W111="GU","USD","THB") -> THB | AB111: =IF(AA111="THB",AB$5,1) -> 32.1892 | AC111: =Z111/AB111 -> 0.62132641 | AD111: =L111 -> 4 | AE111: =AC111*AD111 -> 2.4853056 | AG111: =_xlfn.XLOOKUP((W111&V111),[1]GRN_20260331!$H:$H,[1]GRN_20260331!$X:$X,0) -> 0 | AH111: =AD111 -> 4 | AI111: =AG111*AH111 -> 0
A112: 106 | D112: Plastic | F112: 1 | G112: Buy | H112: EACH | I112: F0103035102 | J112: =IF(LEFT(I112,2)="CO",I112,IF(LEFT(I112,2)="54","HT"&I112,IF(LEFT(I112,2)="KI","KT_"&MID(I112,5,24),IF(P112="THB","GT"&I112,IF(P112="USD","GU"&I112,IF(P112="CNY","GC"&I112)))))) -> GUF0103035102 | K112: Air Deflector Damping Rubber Sleeve | L112: 4 | M112: RMA | N112: Y0030 | O112: Yangzhou Wev International Trade Co.,Ltd. | P112: USD | U112: =TRIM(D112) -> Plastic | V112: =IF(U112="Seat-Option",LEFT(I112,18),TRIM(I112)) -> F0103035102 | W112: GU | X112: Oversea-WEV | Y112: China | Z112: =_xlfn.XLOOKUP((W112&V112),[1]GRN_20260331!$H:$H,[1]GRN_20260331!$W:$W,0) -> 0.08 | AA112: =IF(W112="GU","USD","THB") -> USD | AB112: =IF(AA112="THB",AB$5,1) -> 1 | AC112: =Z112/AB112 -> 0.08 | AD112: =L112 -> 4 | AE112: =AC112*AD112 -> 0.32 | AG112: =_xlfn.XLOOKUP((W112&V112),[1]GRN_20260331!$H:$H,[1]GRN_20260331!$X:$X,0) -> 0.01939892 | AH112: =AD112 -> 4 | AI112: =AG112*AH112 -> 0.07759568
A113: 107 | D113: Plastic | F113: 1 | G113: Buy | H113: EACH | I113: F0103003085 | J113: =IF(LEFT(I113,2)="CO",I113,IF(LEFT(I113,2)="54","HT"&I113,IF(LEFT(I113,2)="KI","KT_"&MID(I113,5,24),IF(P113="THB","GT"&I113,IF(P113="USD","GU"&I113,IF(P113="CNY","GC"&I113)))))) -> GUF0103003085 | K113: Instr Panel Storage Box Lock | L113: 2 | M113: RMA | N113: Y0030 | O113: Yangzhou Wev International Trade Co.,Ltd. | P113: USD | U113: =TRIM(D113) -> Plastic | V113: =IF(U113="Seat-Option",LEFT(I113,18),TRIM(I113)) -> F0103003085 | W113: GU | X113: Oversea-WEV | Y113: China | Z113: =_xlfn.XLOOKUP((W113&V113),[1]GRN_20260331!$H:$H,[1]GRN_20260331!$W:$W,0) -> 3.12 | AA113: =IF(W113="GU","USD","THB") -> USD | AB113: =IF(AA113="THB",AB$5,1) -> 1 | AC113: =Z113/AB113 -> 3.12 | AD113: =L113 -> 2 | AE113: =AC113*AD113 -> 6.24 | AG113: =_xlfn.XLOOKUP((W113&V113),[1]GRN_20260331!$H:$H,[1]GRN_20260331!$X:$X,0) -> 0.022662847 | AH113: =AD113 -> 2 | AI113: =AG113*AH113 -> 0.045325694
... A121: 115 | D121: Other Steel | F121: 1 | G121: Buy | H121: EACH | I121: F0102089524M | J121: =IF(LEFT(I121,2)="CO",I121,IF(LEFT(I121,2)="54","HT"&I121,IF(LEFT(I121,2)="KI","KT_"&MID(I121,5,24),IF(P121="THB","GT"&I121,IF(P121="USD","GU"&I121,IF(P121="CNY","GC"&I121)))))) -> GTF0102089524M | K121: Middle Seat Bucket Frame | L121: 1 | M121: RMA | N121: X0007 | O121: Xcellent Manufacturing (Thailand) Co.,Ltd. | P121: THB | U121: =TRIM(D121) -> Other Steel | V121: =IF(U121="Seat-Option",LEFT(I121,18),TRIM(I121)) -> F0102089524M | W121: GT | X121: Local parts | Y121: Thailand | Z121: =_xlfn.XLOOKUP((W121&V121),[1]GRN_20260331!$H:$H,[1]GRN_20260331!$W:$W,0) -> 2555.06 | AA121: =IF(W121="GU","USD","THB") -> THB | AB121: =IF(AA121="THB",AB$5,1) -> 32.1892 | AC121: =Z121/AB121 -> 79.376313 | AD121: =L121 -> 1 | AE121: =AC121*AD121 -> 79.376313 | AG121: =_xlfn.XLOOKUP((W121&V121),[1]GRN_20260331!$H:$H,[1]GRN_20260331!$X:$X,0) -> 0 | AH121: =AD121 -> 1 | AI121: =AG121*AH121 -> 0
A122: 116 | D122: Other Steel | F122: 1 | G122: Buy | H122: EACH | I122: F0102089534T | J122: =IF(LEFT(I122,2)="CO",I122,IF(LEFT(I122,2)="54","HT"&I122,IF(LEFT(I122,2)="KI","KT_"&MID(I122,5,24),IF(P122="THB","GT"&I122,IF(P122="USD","GU"&I122,IF(P122="CNY","GC"&I122)))))) -> GUF0102089534T | K122: FRT Seat Backrest Frame | L122: 1 | M122: RMA | N122: Y0030 | O122: Yangzhou Wev International Trade Co.,Ltd. | P122: USD | R122: Changed to China-Source, per WL ECN | U122: =TRIM(D122) -> Other Steel | V122: =IF(U122="Seat-Option",LEFT(I122,18),TRIM(I122)) -> F0102089534T | W122: GU | X122: Oversea-WEV | Y122: China | Z122: =_xlfn.XLOOKUP((W122&V122),[1]GRN_20260331!$H:$H,[1]GRN_20260331!$W:$W,0) -> 18.51 | AA122: =IF(W122="GU","USD","THB") -> USD | AB122: =IF(AA122="THB",AB$5,1) -> 1 | AC122: =Z122/AB122 -> 18.51 | AD122: =L122 -> 1 | AE122: =AC122*AD122 -> 18.51 | AG122: =_xlfn.XLOOKUP((W122&V122),[1]GRN_20260331!$H:$H,[1]GRN_20260331!$X:$X,0) -> 0.95363016 | AH122: =AD122 -> 1 | AI122: =AG122*AH122 -> 0.95363016
A123: 117 | D123: Other Steel | F123: 1 | G123: Buy | H123: EACH | I123: F0102089535T | J123: =IF(LEFT(I123,2)="CO",I123,IF(LEFT(I123,2)="54","HT"&I123,IF(LEFT(I123,2)="KI","KT_"&MID(I123,5,24),IF(P123="THB","GT"&I123,IF(P123="USD","GU"&I123,IF(P123="CNY","GC"&I123)))))) -> GUF0102089535T | K123: RR Seat Backrest Frame | L123: 1 | M123: RMA | N123: Y0030 | O123: Yangzhou Wev International Trade Co.,Ltd. | P123: USD | R123: Changed to China-Source, per WL ECN | U123: =TRIM(D123) -> Other Steel | V123: =IF(U123="Seat-Option",LEFT(I123,18),TRIM(I123)) -> F0102089535T | W123: GU | X123: Oversea-WEV | Y123: China | Z123: =_xlfn.XLOOKUP((W123&V123),[1]GRN_20260331!$H:$H,[1]GRN_20260331!$W:$W,0) -> 11.11 | AA123: =IF(W123="GU","USD","THB") -> USD | AB123: =IF(AA123="THB",AB$5,1) -> 1 | AC123: =Z123/AB123 -> 11.11 | AD123: =L123 -> 1 | AE123: =AC123*AD123 -> 11.11 | AG123: =_xlfn.XLOOKUP((W123&V123),[1]GRN_20260331!$H:$H,[1]GRN_20260331!$X:$X,0) -> 0.57238325 | AH123: =AD123 -> 1 | AI123: =AG123*AH123 -> 0.57238325
A124: 118 | D124: Plastic | F124: 1 | G124: Buy | H124: EACH | I124: F0102089063 | J124: =IF(LEFT(I124,2)="CO",I124,IF(LEFT(I124,2)="54","HT"&I124,IF(LEFT(I124,2)="KI","KT_"&MID(I124,5,24),IF(P124="THB","GT"&I124,IF(P124="USD","GU"&I124,IF(P124="CNY","GC"&I124)))))) -> GUF0102089063 | K124: Backrest Lining Plate | L124: 2 | M124: RMA | N124: Y0030 | O124: Yangzhou Wev International Trade Co.,Ltd. | P124: USD | U124: =TRIM(D124) -> Plastic | V124: =IF(U124="Seat-Option",LEFT(I124,18),TRIM(I124)) -> F0102089063 | W124: GU | X124: Oversea-WEV | Y124: China | Z124: =_xlfn.XLOOKUP((W124&V124),[1]GRN_20260331!$H:$H,[1]GRN_20260331!$W:$W,0) -> 12.01 | AA124: =IF(W124="GU","USD","THB") -> USD | AB124: =IF(AA124="THB",AB$5,1) -> 1 | AC124: =Z124/AB124 -> 12.01 | AD124: =L124 -> 2 | AE124: =AC124*AD124 -> 24.02 | AG124: =_xlfn.XLOOKUP((W124&V124),[1]GRN_20260331!$H:$H,[1]GRN_20260331!$X:$X,0) -> 0.34991409 | AH124: =AD124 -> 2 | AI124: =AG124*AH124 -> 0.69982819
A125: 119 | D125: Plastic | F125: 1 | G125: Buy | H125: EACH | I125: F0102089064 | J125: =IF(LEFT(I125,2)="CO",I125,IF(LEFT(I125,2)="54","HT"&I125,IF(LEFT(I125,2)="KI","KT_"&MID(I125,5,24),IF(P125="THB","GT"&I125,IF(P125="USD","GU"&I125,IF(P125="CNY","GC"&I125)))))) -> GUF0102089064 | K125: Backrest Outer Trim Plate | L125: 1 | M125: RMA | N125: Y0030 | O125: Yangzhou Wev International Trade Co.,Ltd. | P125: USD | U125: =TRIM(D125) -> Plastic | V125: =IF(U125="Seat-Option",LEFT(I125,18),TRIM(I125)) -> F0102089064 | W125: GU | X125: Oversea-WEV | Y125: China | Z125: =_xlfn.XLOOKUP((W125&V125),[1]GRN_20260331!$H:$H,[1]GRN_20260331!$W:$W,0) -> 12.01 | AA125: =IF(W125="GU","USD","THB") -> USD | AB125: =IF(AA125="THB",AB$5,1) -> 1 | AC125: =Z125/AB125 -> 12.01 | AD125: =L125 -> 1 | AE125: =AC125*AD125 -> 12.01 | AG125: =_xlfn.XLOOKUP((W125&V125),[1]GRN_20260331!$H:$H,[1]GRN_20260331!$X:$X,0) -> 0.095265281 | AH125: =AD125 -> 1 | AI125: =AG125*AH125 -> 0.095265281
A126: 120 | D126: Plastic | F126: 1 | G126: Buy | H126: EACH | I126: F0102089065 | J126: =IF(LEFT(I126,2)="CO",I126,IF(LEFT(I126,2)="54","HT"&I126,IF(LEFT(I126,2)="KI","KT_"&MID(I126,5,24),IF(P126="THB","GT"&I126,IF(P126="USD","GU"&I126,IF(P126="CNY","GC"&I126)))))) -> GUF0102089065 | K126: Backrest Cup Holder Brkt | L126: 1 | M126: RMA | N126: Y0030 | O126: Yangzhou Wev International Trade Co.,Ltd. | P126: USD | U126: =TRIM(D126) -> Plastic | V126: =IF(U126="Seat-Option",LEFT(I126,18),TRIM(I126)) -> F0102089065 | W126: GU | X126: Oversea-WEV | Y126: China | Z126: =_xlfn.XLOOKUP((W126&V126),[1]GRN_20260331!$H:$H,[1]GRN_20260331!$W:$W,0) -> 1.98 | AA126: =IF(W126="GU","USD","THB") -> USD | AB126: =IF(AA126="THB",AB$5,1) -> 1 | AC126: =Z126/AB126 -> 1.98 | AD126: =L126 -> 1 | AE126: =AC126*AD126 -> 1.98 | AG126: =_xlfn.XLOOKUP((W126&V126),[1]GRN_20260331!$H:$H,[1]GRN_20260331!$X:$X,0) -> 0.015703538 | AH126: =AD126 -> 1 | AI126: =AG126*AH126 -> 0.015703538
A127: 121 | D127: Plastic | F127: 1 | G127: Buy | H127: EACH | I127: F0102089066 | J127: =IF(LEFT(I127,2)="CO",I127,IF(LEFT(I127,2)="54","HT"&I127,IF(LEFT(I127,2)="KI","KT_"&MID(I127,5,24),IF(P127="THB","GT"&I127,IF(P127="USD","GU"&I127,IF(P127="CNY","GC"&I127)))))) -> GUF0102089066 | K127: Backrest Cup Holder | L127: 2 | M127: RMA | N127: Y0030 | O127: Yangzhou Wev International Trade Co.,Ltd. | P127: USD | U127: =TRIM(D127) -> Plastic | V127: =IF(U127="Seat-Option",LEFT(I127,18),TRIM(I127)) -> F0102089066 | W127: GU | X127: Oversea-WEV | Y127: China | Z127: =_xlfn.XLOOKUP((W127&V127),[1]GRN_20260331!$H:$H,[1]GRN_20260331!$W:$W,0) -> 1.13 | AA127: =IF(W127="GU","USD","THB") -> USD | AB127: =IF(AA127="THB",AB$5,1) -> 1 | AC127: =Z127/AB127 -> 1.13 | AD127: =L127 -> 2 | AE127: =AC127*AD127 -> 2.26 | AG127: =_xlfn.XLOOKUP((W127&V127),[1]GRN_20260331!$H:$H,[1]GRN_20260331!$X:$X,0) -> 0.032922703 | AH127: =AD127 -> 2 | AI127: =AG127*AH127 -> 0.065845406
A128: 122 | D128: Plastic | F128: 1 | G128: Buy | H128: EACH | I128: F0102089097 | J128: =IF(LEFT(I128,2)="CO",I128,IF(LEFT(I128,2)="54","HT"&I128,IF(LEFT(I128,2)="KI","KT_"&MID(I128,5,24),IF(P128="THB","GT"&I128,IF(P128="USD","GU"&I128,IF(P128="CNY","GC"&I128)))))) -> GUF0102089097 | K128: Backrest Cup Holder Cap | L128: 2 | M128: RMA | N128: Y0030 | O128: Yangzhou Wev International Trade Co.,Ltd. | P128: USD | U128: =TRIM(D128) -> Plastic | V128: =IF(U128="Seat-Option",LEFT(I128,18),TRIM(I128)) -> F0102089097 | W128: GU | X128: Oversea-WEV | Y128: China | Z128: =_xlfn.XLOOKUP((W128&V128),[1]GRN_20260331!$H:$H,[1]GRN_20260331!$W:$W,0) -> 1.01 | AA128: =IF(W128="GU","USD","THB") -> USD | AB128: =IF(AA128="THB",AB$5,1) -> 1 | AC128: =Z128/AB128 -> 1.01 | AD128: =L128 -> 2 | AE128: =AC128*AD128 -> 2.02 | AG128: =_xlfn.XLOOKUP((W128&V128),[1]GRN_20260331!$H:$H,[1]GRN_20260331!$X:$X,0) -> 0.029429578 | AH128: =AD128 -> 2 | AI128: =AG128*AH128 -> 0.058859156
A129: 123 | D129: Plastic | F129: 1 | G129: Buy | H129: SET | I129: F0102089067 | J129: =IF(LEFT(I129,2)="CO",I129,IF(LEFT(I129,2)="54","HT"&I129,IF(LEFT(I129,2)="KI","KT_"&MID(I129,5,24),IF(P129="THB","GT"&I129,IF(P129="USD","GU"&I129,IF(P129="CNY","GC"&I129)))))) -> GUF0102089067 | K129: Mesh Bag | L129: 2 | M129: RMA | N129: Y0030 | O129: Yangzhou Wev International Trade Co.,Ltd. | P129: USD | U129: =TRIM(D129) -> Plastic | V129: =IF(U129="Seat-Option",LEFT(I129,18),TRIM(I129)) -> F0102089067 | W129: GU | X129: Oversea-WEV | Y129: China | Z129: =_xlfn.XLOOKUP((W129&V129),[1]GRN_20260331!$H:$H,[1]GRN_20260331!$W:$W,0) -> 0.99 | AA129: =IF(W129="GU","USD","THB") -> USD | AB129: =IF(AA129="THB",AB$5,1) -> 1 | AC129: =Z129/AB129 -> 0.99 | AD129: =L129 -> 2 | AE129: =AC129*AD129 -> 1.98 | AG129: =_xlfn.XLOOKUP((W129&V129),[1]GRN_20260331!$H:$H,[1]GRN_20260331!$X:$X,0) -> 0.028841569 | AH129: =AD129 -> 2 | AI129: =AG129*AH129 -> 0.057683138
A130: 124 | D130: Plastic | F130: 1 | G130: Buy | H130: EACH | I130: F0103025021 | J130: =IF(LEFT(I130,2)="CO",I130,IF(LEFT(I130,2)="54","HT"&I130,IF(LEFT(I130,2)="KI","KT_"&MID(I130,5,24),IF(P130="THB","GT"&I130,IF(P130="USD","GU"&I130,IF(P130="CNY","GC"&I130)))))) -> GUF0103025021 | K130: Front Seatback Grab Handle V2 (Fixed) | L130: 2 | M130: RMA | N130: Y0030 | O130: Yangzhou Wev International Trade Co.,Ltd. | P130: USD | R130: Replaced F0103025020, WL-ECN_2026-006 | U130: =TRIM(D130) -> Plastic | V130: =IF(U130="Seat-Option",LEFT(I130,18),TRIM(I130)) -> F0103025021 | W130: GU | X130: Oversea-WEV | Y130: China | Z130: =_xlfn.XLOOKUP((W130&V130),[1]GRN_20260331!$H:$H,[1]GRN_20260331!$W:$W,0) -> 1.13 | AA130: =IF(W130="GU","USD","THB") -> USD | AB130: =IF(AA130="THB",AB$5,1) -> 1 | AC130: =Z130/AB130 -> 1.13 | AD130: =L130 -> 2 | AE130: =AC130*AD130 -> 2.26 | AG130: =_xlfn.XLOOKUP((W130&V130),[1]GRN_20260331!$H:$H,[1]GRN_20260331!$X:$X,0) -> 0.014523305 | AH130: =AD130 -> 2 | AI130: =AG130*AH130 -> 0.029046611
A131: 125 | D131: Plastic | F131: 1 | G131: Buy | H131: EACH | I131: F0102089068 | J131: =IF(LEFT(I131,2)="CO",I131,IF(LEFT(I131,2)="54","HT"&I131,IF(LEFT(I131,2)="KI","KT_"&MID(I131,5,24),IF(P131="THB","GT"&I131,IF(P131="USD","GU"&I131,IF(P131="CNY","GC"&I131)))))) -> GUF0102089068 | K131: RR Seat Backrest Outer Trim Plate | L131: 1 | M131: RMA | N131: Y0030 | O131: Yangzhou Wev International Trade Co.,Ltd. | P131: USD | U131: =TRIM(D131) -> Plastic | V131: =IF(U131="Seat-Option",LEFT(I131,18),TRIM(I131)) -> F0102089068 | W131: GU | X131: Oversea-WEV | Y131: China | Z131: =_xlfn.XLOOKUP((W131&V131),[1]GRN_20260331!$H:$H,[1]GRN_20260331!$W:$W,0) -> 12.01 | AA131: =IF(W131="GU","USD","THB") -> USD | AB131: =IF(AA131="THB",AB$5,1) -> 1 | AC131: =Z131/AB131 -> 12.01 | AD131: =L131 -> 1 | AE131: =AC131*AD131 -> 12.01 | AG131: =_xlfn.XLOOKUP((W131&V131),[1]GRN_20260331!$H:$H,[1]GRN_20260331!$X:$X,0) -> 0.095265281 | AH131: =AD131 -> 1 | AI131: =AG131*AH131 -> 0.095265281
A132: 126 | D132: Plastic | F132: 1 | G132: Buy | H132: EACH | I132: F0102089069 | J132: =IF(LEFT(I132,2)="CO",I132,IF(LEFT(I132,2)="54","HT"&I132,IF(LEFT(I132,2)="KI","KT_"&MID(I132,5,24),IF(P132="THB","GT"&I132,IF(P132="USD","GU"&I132,IF(P132="CNY","GC"&I132)))))) -> GUF0102089069 | K132: RR Seat Backrest Maintenance Cover | L132: 2 | M132: RMA | N132: Y0030 | O132: Yangzhou Wev International Trade Co.,Ltd. | P132: USD | U132: =TRIM(D132) -> Plastic | V132: =IF(U132="Seat-Option",LEFT(I132,18),TRIM(I132)) -> F0102089069 | W132: GU | X132: Oversea-WEV | Y132: China | Z132: =_xlfn.XLOOKUP((W132&V132),[1]GRN_20260331!$H:$H,[1]GRN_20260331!$W:$W,0) -> 0.71 | AA132: =IF(W132="GU","USD","THB") -> USD | AB132: =IF(AA132="THB",AB$5,1) -> 1 | AC132: =Z132/AB132 -> 0.71 | AD132: =L132 -> 2 | AE132: =AC132*AD132 -> 1.42 | AG132: =_xlfn.XLOOKUP((W132&V132),[1]GRN_20260331!$H:$H,[1]GRN_20260331!$X:$X,0) -> 0.020687901 | AH132: =AD132 -> 2 | AI132: =AG132*AH132 -> 0.041375803
A133: 127 | D133: Plastic | F133: 1 | G133: Buy | H133: EACH | I133: F0102089049 | J133: =IF(LEFT(I133,2)="CO",I133,IF(LEFT(I133,2)="54","HT"&I133,IF(LEFT(I133,2)="KI","KT_"&MID(I133,5,24),IF(P133="THB","GT"&I133,IF(P133="USD","GU"&I133,IF(P133="CNY","GC"&I133)))))) -> GUF0102089049 | K133: Seat Cushion Base Plate | L133: 1 | M133: RMA | N133: Y0030 | O133: Yangzhou Wev International Trade Co.,Ltd. | P133: USD | U133: =TRIM(D133) -> Plastic | V133: =IF(U133="Seat-Option",LEFT(I133,18),TRIM(I133)) -> F0102089049 | W133: GU | X133: Oversea-WEV | Y133: China | Z133: =_xlfn.XLOOKUP((W133&V133),[1]GRN_20260331!$H:$H,[1]GRN_20260331!$W:$W,0) -> 12.01 | AA133: =IF(W133="GU","USD","THB") -> USD | AB133: =IF(AA133="THB",AB$5,1) -> 1 | AC133: =Z133/AB133 -> 12.01 | AD133: =L133 -> 1 | AE133: =AC133*AD133 -> 12.01 | AG133: =_xlfn.XLOOKUP((W133&V133),[1]GRN_20260331!$H:$H,[1]GRN_20260331!$X:$X,0) -> 0.34991409 | AH133: =AD133 -> 1 | AI133: =AG133*AH133 -> 0.34991409
A134: 128 | D134: Plastic | F134: 1 | G134: Buy | H134: EACH | I134: F0103015040 | J134: =IF(LEFT(I134,2)="CO",I134,IF(LEFT(I134,2)="54","HT"&I134,IF(LEFT(I134,2)="KI","KT_"&MID(I134,5,24),IF(P134="THB","GT"&I134,IF(P134="USD","GU"&I134,IF(P134="CNY","GC"&I134)))))) -> GUF0103015040 | K134: Seat Cushion Hinge | L134: 2 | M134: RMA | N134: Y0030 | O134: Yangzhou Wev International Trade Co.,Ltd. | P134: USD | U134: =TRIM(D134) -> Plastic | V134: =IF(U134="Seat-Option",LEFT(I134,18),TRIM(I134)) -> F0103015040 | W134: GU | X134: Oversea-WEV | Y134: China | Z134: =_xlfn.XLOOKUP((W134&V134),[1]GRN_20260331!$H:$H,[1]GRN_20260331!$W:$W,0) -> 0.92 | AA134: =IF(W134="GU","USD","THB") -> USD | AB134: =IF(AA134="THB",AB$5,1) -> 1 | AC134: =Z134/AB134 -> 0.92 | AD134: =L134 -> 2 | AE134: =AC134*AD134 -> 1.84 | AG134: =_xlfn.XLOOKUP((W134&V134),[1]GRN_20260331!$H:$H,[1]GRN_20260331!$X:$X,0) -> 0.0066830559 | AH134: =AD134 -> 2 | AI134: =AG134*AH134 -> 0.013366112
A135: 129 | D135: Plastic | F135: 1 | G135: Buy | H135: SET | I135: F0103015006 | J135: =IF(LEFT(I135,2)="CO",I135,IF(LEFT(I135,2)="54","HT"&I135,IF(LEFT(I135,2)="KI","KT_"&MID(I135,5,24),IF(P135="THB","GT"&I135,IF(P135="USD","GU"&I135,IF(P135="CNY","GC"&I135)))))) -> GUF0103015006 | K135: Seat Plastic Fastener | L135: 4 | M135: RMA | N135: Y0030 | O135: Yangzhou Wev International Trade Co.,Ltd. | P135: USD | U135: =TRIM(D135) -> Plastic | V135: =IF(U135="Seat-Option",LEFT(I135,18),TRIM(I135)) -> F0103015006 | W135: GU | X135: Oversea-WEV | Y135: China | Z135: =_xlfn.XLOOKUP((W135&V135),[1]GRN_20260331!$H:$H,[1]GRN_20260331!$W:$W,0) -> 0.65 | AA135: =IF(W135="GU","USD","THB") -> USD | AB135: =IF(AA135="THB",AB$5,1) -> 1 | AC135: =Z135/AB135 -> 0.65 | AD135: =L135 -> 4 | AE135: =AC135*AD135 -> 2.6 | AG135: =_xlfn.XLOOKUP((W135&V135),[1]GRN_20260331!$H:$H,[1]GRN_20260331!$X:$X,0) -> 0.0047222293 | AH135: =AD135 -> 4 | AI135: =AG135*AH135 -> 0.018888917
A136: 130 | D136: Plastic | F136: 1 | G136: Buy | H136: EACH | I136: F0102089053 | J136: =IF(LEFT(I136,2)="CO",I136,IF(LEFT(I136,2)="54","HT"&I136,IF(LEFT(I136,2)="KI","KT_"&MID(I136,5,24),IF(P136="THB","GT"&I136,IF(P136="USD","GU"&I136,IF(P136="CNY","GC"&I136)))))) -> GUF0102089053 | K136: RR Wheel Arch LH | L136: 1 | M136: RMA | N136: Y0030 | O136: Yangzhou Wev International Trade Co.,Ltd. | P136: USD | U136: =TRIM(D136) -> Plastic | V136: =IF(U136="Seat-Option",LEFT(I136,18),TRIM(I136)) -> F0102089053 | W136: GU | X136: Oversea-WEV | Y136: China | Z136: =_xlfn.XLOOKUP((W136&V136),[1]GRN_20260331!$H:$H,[1]GRN_20260331!$W:$W,0) -> 2.54 | AA136: =IF(W136="GU","USD","THB") -> USD | AB136: =IF(AA136="THB",AB$5,1) -> 1 | AC136: =Z136/AB136 -> 2.54 | AD136: =L136 -> 1 | AE136: =AC136*AD136 -> 2.54 | AG136: =_xlfn.XLOOKUP((W136&V136),[1]GRN_20260331!$H:$H,[1]GRN_20260331!$X:$X,0) -> 0.074003794 | AH136: =AD136 -> 1 | AI136: =AG136*AH136 -> 0.074003794
A137: 131 | D137: Plastic | F137: 1 | G137: Buy | H137: EACH | I137: F0102089054 | J137: =IF(LEFT(I137,2)="CO",I137,IF(LEFT(I137,2)="54","HT"&I137,IF(LEFT(I137,2)="KI","KT_"&MID(I137,5,24),IF(P137="THB","GT"&I137,IF(P137="USD","GU"&I137,IF(P137="CNY","GC"&I137)))))) -> GUF0102089054 | K137: RR Wheel Arch RH | L137: 1 | M137: RMA | N137: Y0030 | O137: Yangzhou Wev International Trade Co.,Ltd. | P137: USD | U137: =TRIM(D137) -> Plastic | V137: =IF(U137="Seat-Option",LEFT(I137,18),TRIM(I137)) -> F0102089054 | W137: GU | X137: Oversea-WEV | Y137: China | Z137: =_xlfn.XLOOKUP((W137&V137),[1]GRN_20260331!$H:$H,[1]GRN_20260331!$W:$W,0) -> 2.54 | AA137: =IF(W137="GU","USD","THB") -> USD | AB137: =IF(AA137="THB",AB$5,1) -> 1 | AC137: =Z137/AB137 -> 2.54 | AD137: =L137 -> 1 | AE137: =AC137*AD137 -> 2.54 | AG137: =_xlfn.XLOOKUP((W137&V137),[1]GRN_20260331!$H:$H,[1]GRN_20260331!$X:$X,0) -> 0.074003794 | AH137: =AD137 -> 1 | AI137: =AG137*AH137 -> 0.074003794
A138: 132 | D138: Plastic | F138: 1 | G138: Buy | H138: EACH | I138: F0102089061 | J138: =IF(LEFT(I138,2)="CO",I138,IF(LEFT(I138,2)="54","HT"&I138,IF(LEFT(I138,2)="KI","KT_"&MID(I138,5,24),IF(P138="THB","GT"&I138,IF(P138="USD","GU"&I138,IF(P138="CNY","GC"&I138)))))) -> GUF0102089061 | K138: RR Pillar Sleeve LH | L138: 1 | M138: RMA | N138: Y0030 | O138: Yangzhou Wev International Trade Co.,Ltd. | P138: USD | U138: =TRIM(D138) -> Plastic | V138: =IF(U138="Seat-Option",LEFT(I138,18),TRIM(I138)) -> F0102089061 | W138: GU | X138: Oversea-WEV | Y138: China | Z138: =_xlfn.XLOOKUP((W138&V138),[1]GRN_20260331!$H:$H,[1]GRN_20260331!$W:$W,0) -> 2.12 | AA138: =IF(W138="GU","USD","THB") -> USD | AB138: =IF(AA138="THB",AB$5,1) -> 1 | AC138: =Z138/AB138 -> 2.12 | AD138: =L138 -> 1 | AE138: =AC138*AD138 -> 2.12 | AG138: =_xlfn.XLOOKUP((W138&V138),[1]GRN_20260331!$H:$H,[1]GRN_20260331!$X:$X,0) -> 0.016815516 | AH138: =AD138 -> 1 | AI138: =AG138*AH138 -> 0.016815516
A139: 133 | D139: Plastic | F139: 1 | G139: Buy | H139: EACH | I139: F0102089062 | J139: =IF(LEFT(I139,2)="CO",I139,IF(LEFT(I139,2)="54","HT"&I139,IF(LEFT(I139,2)="KI","KT_"&MID(I139,5,24),IF(P139="THB","GT"&I139,IF(P139="USD","GU"&I139,IF(P139="CNY","GC"&I139)))))) -> GUF0102089062 | K139: RR Pillar Sleeve RH | L139: 1 | M139: RMA | N139: Y0030 | O139: Yangzhou Wev International Trade Co.,Ltd. | P139: USD | U139: =TRIM(D139) -> Plastic | V139: =IF(U139="Seat-Option",LEFT(I139,18),TRIM(I139)) -> F0102089062 | W139: GU | X139: Oversea-WEV | Y139: China | Z139: =_xlfn.XLOOKUP((W139&V139),[1]GRN_20260331!$H:$H,[1]GRN_20260331!$W:$W,0) -> 2.12 | AA139: =IF(W139="GU","USD","THB") -> USD | AB139: =IF(AA139="THB",AB$5,1) -> 1 | AC139: =Z139/AB139 -> 2.12 | AD139: =L139 -> 1 | AE139: =AC139*AD139 -> 2.12 | AG139: =_xlfn.XLOOKUP((W139&V139),[1]GRN_20260331!$H:$H,[1]GRN_20260331!$X:$X,0) -> 0.016815516 | AH139: =AD139 -> 1 | AI139: =AG139*AH139 -> 0.016815516
A140: 134 | D140: Plastic | F140: 1 | G140: Buy | H140: EACH | I140: F0102089051 | J140: =IF(LEFT(I140,2)="CO",I140,IF(LEFT(I140,2)="54","HT"&I140,IF(LEFT(I140,2)="KI","KT_"&MID(I140,5,24),IF(P140="THB","GT"&I140,IF(P140="USD","GU"&I140,IF(P140="CNY","GC"&I140)))))) -> GUF0102089051 | K140: RR Mudguard LH | L140: 1 | M140: RMA | N140: Y0030 | O140: Yangzhou Wev International Trade Co.,Ltd. | P140: USD | U140: =TRIM(D140) -> Plastic | V140: =IF(U140="Seat-Option",LEFT(I140,18),TRIM(I140)) -> F0102089051 | W140: GU | X140: Oversea-WEV | Y140: China | Z140: =_xlfn.XLOOKUP((W140&V140),[1]GRN_20260331!$H:$H,[1]GRN_20260331!$W:$W,0) -> 2.69 | AA140: =IF(W140="GU","USD","THB") -> USD | AB140: =IF(AA140="THB",AB$5,1) -> 1 | AC140: =Z140/AB140 -> 2.69 | AD140: =L140 -> 1 | AE140: =AC140*AD140 -> 2.69 | AG140: =_xlfn.XLOOKUP((W140&V140),[1]GRN_20260331!$H:$H,[1]GRN_20260331!$X:$X,0) -> 0.021339112 | AH140: =AD140 -> 1 | AI140: =AG140*AH140 -> 0.021339112
A141: 135 | D141: Plastic | F141: 1 | G141: Buy | H141: EACH | I141: F0102089052 | J141: =IF(LEFT(I141,2)="CO",I141,IF(LEFT(I141,2)="54","HT"&I141,IF(LEFT(I141,2)="KI","KT_"&MID(I141,5,24),IF(P141="THB","GT"&I141,IF(P141="USD","GU"&I141,IF(P141="CNY","GC"&I141)))))) -> GUF0102089052 | K141: RR Mudguard RH | L141: 1 | M141: RMA | N141: Y0030 | O141: Yangzhou Wev International Trade Co.,Ltd. | P141: USD | U141: =TRIM(D141) -> Plastic | V141: =IF(U141="Seat-Option",LEFT(I141,18),TRIM(I141)) -> F0102089052 | W141: GU | X141: Oversea-WEV | Y141: China | Z141: =_xlfn.XLOOKUP((W141&V141),[1]GRN_20260331!$H:$H,[1]GRN_20260331!$W:$W,0) -> 2.69 | AA141: =IF(W141="GU","USD","THB") -> USD | AB141: =IF(AA141="THB",AB$5,1) -> 1 | AC141: =Z141/AB141 -> 2.69 | AD141: =L141 -> 1 | AE141: =AC141*AD141 -> 2.69 | AG141: =_xlfn.XLOOKUP((W141&V141),[1]GRN_20260331!$H:$H,[1]GRN_20260331!$X:$X,0) -> 0.021337172 | AH141: =AD141 -> 1 | AI141: =AG141*AH141 -> 0.021337172
A142: 136 | D142: Plastic | F142: 1 | G142: Buy | H142: EACH | I142: Y0316038050 | J142: =IF(LEFT(I142,2)="CO",I142,IF(LEFT(I142,2)="54","HT"&I142,IF(LEFT(I142,2)="KI","KT_"&MID(I142,5,24),IF(P142="THB","GT"&I142,IF(P142="USD","GU"&I142,IF(P142="CNY","GC"&I142)))))) -> GUY0316038050 | K142: Black Clip (SY235CA125.1.5.2.8-2) | L142: 12 | M142: RMA | N142: Y0030 | O142: Yangzhou Wev International Trade Co.,Ltd. | P142: USD | R142: Replaced F0103064019, WL-ECN_2025-043 | U142: =TRIM(D142) -> Plastic | V142: =IF(U142="Seat-Option",LEFT(I142,18),TRIM(I142)) -> Y0316038050 | W142: GU | X142: Oversea-WEV | Y142: China | Z142: =_xlfn.XLOOKUP((W142&V142),[1]GRN_20260331!$H:$H,[1]GRN_20260331!$W:$W,0) -> 0.08 | AA142: =IF(W142="GU","USD","THB") -> USD | AB142: =IF(AA142="THB",AB$5,1) -> 1 | AC142: =Z142/AB142 -> 0.08 | AD142: =L142 -> 12 | AE142: =AC142*AD142 -> 0.96 | AG142: =_xlfn.XLOOKUP((W142&V142),[1]GRN_20260331!$H:$H,[1]GRN_20260331!$X:$X,0) -> 0.0010281291 | AH142: =AD142 -> 12 | AI142: =AG142*AH142 -> 0.012337549
A143: 137 | D143: Plastic | F143: 1 | G143: Buy | H143: EACH | I143: F0102089045 | J143: =IF(LEFT(I143,2)="CO",I143,IF(LEFT(I143,2)="54","HT"&I143,IF(LEFT(I143,2)="KI","KT_"&MID(I143,5,24),IF(P143="THB","GT"&I143,IF(P143="USD","GU"&I143,IF(P143="CNY","GC"&I143)))))) -> GUF0102089045 | K143: RR Side Guard LH | L143: 1 | M143: RMA | N143: Y0030 | O143: Yangzhou Wev International Trade Co.,Ltd. | P143: USD | U143: =TRIM(D143) -> Plastic | V143: =IF(U143="Seat-Option",LEFT(I143,18),TRIM(I143)) -> F0102089045 | W143: GU | X143: Oversea-WEV | Y143: China | Z143: =_xlfn.XLOOKUP((W143&V143),[1]GRN_20260331!$H:$H,[1]GRN_20260331!$W:$W,0) -> 2.26 | AA143: =IF(W143="GU","USD","THB") -> USD | AB143: =IF(AA143="THB",AB$5,1) -> 1 | AC143: =Z143/AB143 -> 2.26 | AD143: =L143 -> 1 | AE143: =AC143*AD143 -> 2.26 | AG143: =_xlfn.XLOOKUP((W143&V143),[1]GRN_20260331!$H:$H,[1]GRN_20260331!$X:$X,0) -> 0.017925553 | AH143: =AD143 -> 1 | AI143: =AG143*AH143 -> 0.017925553
A144: 138 | D144: Plastic | F144: 1 | G144: Buy | H144: EACH | I144: F0102089046 | J144: =IF(LEFT(I144,2)="CO",I144,IF(LEFT(I144,2)="54","HT"&I144,IF(LEFT(I144,2)="KI","KT_"&MID(I144,5,24),IF(P144="THB","GT"&I144,IF(P144="USD","GU"&I144,IF(P144="CNY","GC"&I144)))))) -> GUF0102089046 | K144: RR Side Guard RH | L144: 1 | M144: RMA | N144: Y0030 | O144: Yangzhou Wev International Trade Co.,Ltd. | P144: USD | U144: =TRIM(D144) -> Plastic | V144: =IF(U144="Seat-Option",LEFT(I144,18),TRIM(I144)) -> F0102089046 | W144: GU | X144: Oversea-WEV | Y144: China | Z144: =_xlfn.XLOOKUP((W144&V144),[1]GRN_20260331!$H:$H,[1]GRN_20260331!$W:$W,0) -> 2.26 | AA144: =IF(W144="GU","USD","THB") -> USD | AB144: =IF(AA144="THB",AB$5,1) -> 1 | AC144: =Z144/AB144 -> 2.26 | AD144: =L144 -> 1 | AE144: =AC144*AD144 -> 2.26 | AG144: =_xlfn.XLOOKUP((W144&V144),[1]GRN_20260331!$H:$H,[1]GRN_20260331!$X:$X,0) -> 0.017925553 | AH144: =AD144 -> 1 | AI144: =AG144*AH144 -> 0.017925553
A145: 139 | D145: Plastic | F145: 1 | G145: Buy | H145: EACH | I145: F0102079010 | J145: =IF(LEFT(I145,2)="CO",I145,IF(LEFT(I145,2)="54","HT"&I145,IF(LEFT(I145,2)="KI","KT_"&MID(I145,5,24),IF(P145="THB","GT"&I145,IF(P145="USD","GU"&I145,IF(P145="CNY","GC"&I145)))))) -> GUF0102079010 | K145: Side Shield End Cover Snap-Fit Type | L145: 10 | M145: RMA | N145: Y0030 | O145: Yangzhou Wev International Trade Co.,Ltd. | P145: USD | U145: =TRIM(D145) -> Plastic | V145: =IF(U145="Seat-Option",LEFT(I145,18),TRIM(I145)) -> F0102079010 | W145: GU | X145: Oversea-WEV | Y145: China | Z145: =_xlfn.XLOOKUP((W145&V145),[1]GRN_20260331!$H:$H,[1]GRN_20260331!$W:$W,0) -> 0.01 | AA145: =IF(W145="GU","USD","THB") -> USD | AB145: =IF(AA145="THB",AB$5,1) -> 1 | AC145: =Z145/AB145 -> 0.01 | AD145: =L145 -> 10 | AE145: =AC145*AD145 -> 0.1 | AG145: =_xlfn.XLOOKUP((W145&V145),[1]GRN_20260331!$H:$H,[1]GRN_20260331!$X:$X,0) -> 7.2580645e-05 | AH145: =AD145 -> 10 | AI145: =AG145*AH145 -> 0.00072580645
A146: 140 | D146: Plastic | F146: 1 | G146: Buy | H146: EACH | I146: F0102089055 | J146: =IF(LEFT(I146,2)="CO",I146,IF(LEFT(I146,2)="54","HT"&I146,IF(LEFT(I146,2)="KI","KT_"&MID(I146,5,24),IF(P146="THB","GT"&I146,IF(P146="USD","GU"&I146,IF(P146="CNY","GC"&I146)))))) -> GUF0102089055 | K146: RR Bumper | L146: 1 | M146: RMA | N146: Y0030 | O146: Yangzhou Wev International Trade Co.,Ltd. | P146: USD | U146: =TRIM(D146) -> Plastic | V146: =IF(U146="Seat-Option",LEFT(I146,18),TRIM(I146)) -> F0102089055 | W146: GU | X146: Oversea-WEV | Y146: China | Z146: =_xlfn.XLOOKUP((W146&V146),[1]GRN_20260331!$H:$H,[1]GRN_20260331!$W:$W,0) -> 6.78 | AA146: =IF(W146="GU","USD","THB") -> USD | AB146: =IF(AA146="THB",AB$5,1) -> 1 | AC146: =Z146/AB146 -> 6.78 | AD146: =L146 -> 1 | AE146: =AC146*AD146 -> 6.78 | AG146: =_xlfn.XLOOKUP((W146&V146),[1]GRN_20260331!$H:$H,[1]GRN_20260331!$X:$X,0) -> 0.0537786 | AH146: =AD146 -> 1 | AI146: =AG146*AH146 -> 0.0537786
A147: 141 | D147: Plastic | F147: 1 | G147: Buy | H147: EACH | I147: F0102045062 | J147: =IF(LEFT(I147,2)="CO",I147,IF(LEFT(I147,2)="54","HT"&I147,IF(LEFT(I147,2)="KI","KT_"&MID(I147,5,24),IF(P147="THB","GT"&I147,IF(P147="USD","GU"&I147,IF(P147="CNY","GC"&I147)))))) -> GUF0102045062 | K147: RR Bumper Cover | L147: 2 | M147: RMA | N147: Y0030 | O147: Yangzhou Wev International Trade Co.,Ltd. | P147: USD | U147: =TRIM(D147) -> Plastic | V147: =IF(U147="Seat-Option",LEFT(I147,18),TRIM(I147)) -> F0102045062 | W147: GU | X147: Oversea-WEV | Y147: China | Z147: =_xlfn.XLOOKUP((W147&V147),[1]GRN_20260331!$H:$H,[1]GRN_20260331!$W:$W,0) -> 0.01 | AA147: =IF(W147="GU","USD","THB") -> USD | AB147: =IF(AA147="THB",AB$5,1) -> 1 | AC147: =Z147/AB147 -> 0.01 | AD147: =L147 -> 2 | AE147: =AC147*AD147 -> 0.02 | AG147: =_xlfn.XLOOKUP((W147&V147),[1]GRN_20260331!$H:$H,[1]GRN_20260331!$X:$X,0) -> 7.2610294e-05 | AH147: =AD147 -> 2 | AI147: =AG147*AH147 -> 0.00014522059
A148: 142 | D148: Plastic | F148: 1 | G148: Buy | H148: EACH | I148: F0102089056 | J148: =IF(LEFT(I148,2)="CO",I148,IF(LEFT(I148,2)="54","HT"&I148,IF(LEFT(I148,2)="KI","KT_"&MID(I148,5,24),IF(P148="THB","GT"&I148,IF(P148="USD","GU"&I148,IF(P148="CNY","GC"&I148)))))) -> GUF0102089056 | K148: RR Bumper Reflector LH | L148: 1 | M148: RMA | N148: Y0030 | O148: Yangzhou Wev International Trade Co.,Ltd. | P148: USD | U148: =TRIM(D148) -> Plastic | V148: =IF(U148="Seat-Option",LEFT(I148,18),TRIM(I148)) -> F0102089056 | W148: GU | X148: Oversea-WEV | Y148: China | Z148: =_xlfn.XLOOKUP((W148&V148),[1]GRN_20260331!$H:$H,[1]GRN_20260331!$W:$W,0) -> 0.42 | AA148: =IF(W148="GU","USD","THB") -> USD | AB148: =IF(AA148="THB",AB$5,1) -> 1 | AC148: =Z148/AB148 -> 0.42 | AD148: =L148 -> 1 | AE148: =AC148*AD148 -> 0.42 | AG148: =_xlfn.XLOOKUP((W148&V148),[1]GRN_20260331!$H:$H,[1]GRN_20260331!$X:$X,0) -> 0.01223558 | AH148: =AD148 -> 1 | AI148: =AG148*AH148 -> 0.01223558
A149: 143 | D149: Plastic | F149: 1 | G149: Buy | H149: EACH | I149: F0102089057 | J149: =IF(LEFT(I149,2)="CO",I149,IF(LEFT(I149,2)="54","HT"&I149,IF(LEFT(I149,2)="KI","KT_"&MID(I149,5,24),IF(P149="THB","GT"&I149,IF(P149="USD","GU"&I149,IF(P149="CNY","GC"&I149)))))) -> GUF0102089057 | K149: RR Bumper Reflector RH | L149: 1 | M149: RMA | N149: Y0030 | O149: Yangzhou Wev International Trade Co.,Ltd. | P149: USD | U149: =TRIM(D149) -> Plastic | V149: =IF(U149="Seat-Option",LEFT(I149,18),TRIM(I149)) -> F0102089057 | W149: GU | X149: Oversea-WEV | Y149: China | Z149: =_xlfn.XLOOKUP((W149&V149),[1]GRN_20260331!$H:$H,[1]GRN_20260331!$W:$W,0) -> 0.42 | AA149: =IF(W149="GU","USD","THB") -> USD | AB149: =IF(AA149="THB",AB$5,1) -> 1 | AC149: =Z149/AB149 -> 0.42 | AD149: =L149 -> 1 | AE149: =AC149*AD149 -> 0.42 | AG149: =_xlfn.XLOOKUP((W149&V149),[1]GRN_20260331!$H:$H,[1]GRN_20260331!$X:$X,0) -> 0.01223558 | AH149: =AD149 -> 1 | AI149: =AG149*AH149 -> 0.01223558
A150: 144 | D150: Plastic | F150: 1 | G150: Buy | H150: EACH | I150: F0102089058 | J150: =IF(LEFT(I150,2)="CO",I150,IF(LEFT(I150,2)="54","HT"&I150,IF(LEFT(I150,2)="KI","KT_"&MID(I150,5,24),IF(P150="THB","GT"&I150,IF(P150="USD","GU"&I150,IF(P150="CNY","GC"&I150)))))) -> GUF0102089058 | K150: Tail Light Mount Brkt LH | L150: 1 | M150: RMA | N150: Y0030 | O150: Yangzhou Wev International Trade Co.,Ltd. | P150: USD | U150: =TRIM(D150) -> Plastic | V150: =IF(U150="Seat-Option",LEFT(I150,18),TRIM(I150)) -> F0102089058 | W150: GU | X150: Oversea-WEV | Y150: China | Z150: =_xlfn.XLOOKUP((W150&V150),[1]GRN_20260331!$H:$H,[1]GRN_20260331!$W:$W,0) -> 2.12 | AA150: =IF(W150="GU","USD","THB") -> USD | AB150: =IF(AA150="THB",AB$5,1) -> 1 | AC150: =Z150/AB150 -> 2.12 | AD150: =L150 -> 1 | AE150: =AC150*AD150 -> 2.12 | AG150: =_xlfn.XLOOKUP((W150&V150),[1]GRN_20260331!$H:$H,[1]GRN_20260331!$X:$X,0) -> 0.016815793 | AH150: =AD150 -> 1 | AI150: =AG150*AH150 -> 0.016815793
A151: 145 | D151: Plastic | F151: 1 | G151: Buy | H151: EACH | I151: F0102089059 | J151: =IF(LEFT(I151,2)="CO",I151,IF(LEFT(I151,2)="54","HT"&I151,IF(LEFT(I151,2)="KI","KT_"&MID(I151,5,24),IF(P151="THB","GT"&I151,IF(P151="USD","GU"&I151,IF(P151="CNY","GC"&I151)))))) -> GUF0102089059 | K151: Tail Light Mount Brkt RH | L151: 1 | M151: RMA | N151: Y0030 | O151: Yangzhou Wev International Trade Co.,Ltd. | P151: USD | U151: =TRIM(D151) -> Plastic | V151: =IF(U151="Seat-Option",LEFT(I151,18),TRIM(I151)) -> F0102089059 | W151: GU | X151: Oversea-WEV | Y151: China | Z151: =_xlfn.XLOOKUP((W151&V151),[1]GRN_20260331!$H:$H,[1]GRN_20260331!$W:$W,0) -> 2.12 | AA151: =IF(W151="GU","USD","THB") -> USD | AB151: =IF(AA151="THB",AB$5,1) -> 1 | AC151: =Z151/AB151 -> 2.12 | AD151: =L151 -> 1 | AE151: =AC151*AD151 -> 2.12 | AG151: =_xlfn.XLOOKUP((W151&V151),[1]GRN_20260331!$H:$H,[1]GRN_20260331!$X:$X,0) -> 0.016814986 | AH151: =AD151 -> 1 | AI151: =AG151*AH151 -> 0.016814986
A152: 146 | D152: Plastic | F152: 1 | G152: Buy | H152: SET | I152: F0102089060 | J152: =IF(LEFT(I152,2)="CO",I152,IF(LEFT(I152,2)="54","HT"&I152,IF(LEFT(I152,2)="KI","KT_"&MID(I152,5,24),IF(P152="THB","GT"&I152,IF(P152="USD","GU"&I152,IF(P152="CNY","GC"&I152)))))) -> GUF0102089060 | K152: Trunk Assey | L152: 1 | M152: RMA | N152: Y0030 | O152: Yangzhou Wev International Trade Co.,Ltd. | P152: USD | U152: =TRIM(D152) -> Plastic | V152: =IF(U152="Seat-Option",LEFT(I152,18),TRIM(I152)) -> F0102089060 | W152: GU | X152: Oversea-WEV | Y152: China | Z152: =_xlfn.XLOOKUP((W152&V152),[1]GRN_20260331!$H:$H,[1]GRN_20260331!$W:$W,0) -> 34.63 | AA152: =IF(W152="GU","USD","THB") -> USD | AB152: =IF(AA152="THB",AB$5,1) -> 1 | AC152: =Z152/AB152 -> 34.63 | AD152: =L152 -> 1 | AE152: =AC152*AD152 -> 34.63 | AG152: =_xlfn.XLOOKUP((W152&V152),[1]GRN_20260331!$H:$H,[1]GRN_20260331!$X:$X,0) -> 0.2746868 | AH152: =AD152 -> 1 | AI152: =AG152*AH152 -> 0.2746868
A153: 147 | D153: Plastic | F153: 1 | G153: Buy | H153: EACH | I153: F2101177003 | J153: =IF(LEFT(I153,2)="CO",I153,IF(LEFT(I153,2)="54","HT"&I153,IF(LEFT(I153,2)="KI","KT_"&MID(I153,5,24),IF(P153="THB","GT"&I153,IF(P153="USD","GU"&I153,IF(P153="CNY","GC"&I153)))))) -> GUF2101177003 | K153: Flower Knob Handle | L153: 4 | M153: RMA | N153: Y0030 | O153: Yangzhou Wev International Trade Co.,Ltd. | P153: USD | U153: =TRIM(D153) -> Plastic | V153: =IF(U153="Seat-Option",LEFT(I153,18),TRIM(I153)) -> F2101177003 | W153: GU | X153: Oversea-WEV | Y153: China | Z153: =_xlfn.XLOOKUP((W153&V153),[1]GRN_20260331!$H:$H,[1]GRN_20260331!$W:$W,0) -> 0.71 | AA153: =IF(W153="GU","USD","THB") -> USD | AB153: =IF(AA153="THB",AB$5,1) -> 1 | AC153: =Z153/AB153 -> 0.71 | AD153: =L153 -> 4 | AE153: =AC153*AD153 -> 2.84 | AG153: =_xlfn.XLOOKUP((W153&V153),[1]GRN_20260331!$H:$H,[1]GRN_20260331!$X:$X,0) -> 0.020688387 | AH153: =AD153 -> 4 | AI153: =AG153*AH153 -> 0.082753546
A154: 148 | D154: Other Steel | F154: 1 | G154: Buy | H154: EACH | I154: F0102089528T | J154: =IF(LEFT(I154,2)="CO",I154,IF(LEFT(I154,2)="54","HT"&I154,IF(LEFT(I154,2)="KI","KT_"&MID(I154,5,24),IF(P154="THB","GT"&I154,IF(P154="USD","GU"&I154,IF(P154="CNY","GC"&I154)))))) -> GTF0102089528T | K154: Roof U-Shaped Frame | L154: 1 | M154: RMA | N154: X0007 | O154: Xcellent Manufacturing (Thailand) Co.,Ltd. | P154: THB | U154: =TRIM(D154) -> Other Steel | V154: =IF(U154="Seat-Option",LEFT(I154,18),TRIM(I154)) -> F0102089528T | W154: GT | X154: Local parts | Y154: Thailand | Z154: =_xlfn.XLOOKUP((W154&V154),[1]GRN_20260331!$H:$H,[1]GRN_20260331!$W:$W,0) -> 776.44 | AA154: =IF(W154="GU","USD","THB") -> THB | AB154: =IF(AA154="THB",AB$5,1) -> 32.1892 | AC154: =Z154/AB154 -> 24.121134 | AD154: =L154 -> 1 | AE154: =AC154*AD154 -> 24.121134 | AG154: =_xlfn.XLOOKUP((W154&V154),[1]GRN_20260331!$H:$H,[1]GRN_20260331!$X:$X,0) -> 0 | AH154: =AD154 -> 1 | AI154: =AG154*AH154 -> 0
...

Sheet GAT Main BOM
K2: RMA BOM No | L2: ='RMA Main BOM'!L2 -> RMA-BOM_25_180_R04 | M2: ='RMA Main BOM'!M2 -> ver. 20260302 for Order#31
K3: Customer BOM No | L3: ='RMA Main BOM'!L3 -> F0101023203 | M3: ='RMA Main BOM'!M3 -> ver. JS-S4FL-V2-202510000 for Order#31
K4: Model | L4: ='RMA Main BOM'!L4 -> V2-4SK | Z4: RMA BOM & COST | AG4: RMA Uplift COST (LCB port to RMA plant)
A5: =SUBTOTAL(3,Table13911[Running]) -> 5 | K5: Series | L5: ='RMA Main BOM'!L5 -> V2-S 4+0 Golf | AB5: 32.1892 | AG5: Currency : USD)
A6: Running | B6: Item | C6: Status | D6: Category | E6: Station | F6: Level | G6: Part Type | H6: UOM | I6: Customer P/N | J6: RMA P/N | K6: RMA Part Description | L6: Usage Qty | M6: Company | N6: Supplier | O6: Supplier Name | P6: Curren | Q6: Purchase Price | R6: Note | S6: Comment | U6: Category | V6: Trim | W6: Code | X6: Location | Z6: Pure material/unit w/o Uplift | AA6: Currency | AB6: FX Conversion | AC6: Material cost (USD) | AD6: Material usage | AE6: Total material x usage (USD) | AG6: Uplift/unit | AH6: Material usage | AI6: Total Uplift
A7: 1 | B7: 1 | D7: Chassis | F7: 1 | G7: Make | H7: each | I7: F0102089001 | J7: =IF(LEFT(I7,2)="CO",I7,IF(LEFT(I7,2)="54","HT"&I7,IF(LEFT(I7,2)="KI","KT_"&MID(I7,5,24),IF(P7="THB","GT"&I7,IF(P7="USD","GU"&I7,IF(P7="CNY","GC"&I7)))))) -> GTF0102089001 | K7: Chassis Assy / DBL A-Arm Golf / V2-4S | L7: 1 | M7: GAT | N7: P0000 | O7: Main Parts Supplier Template | P7: THB | U7: =TRIM(D7) -> Chassis | V7: =IF(U7="Seat-Option",LEFT(I7,18),TRIM(I7)) -> F0102089001 | W7: GT | X7: Local parts | AA7: =IF(W7="GU","USD","THB") -> THB | AB7: =IF(AA7="THB",AB$5,1) -> 32.1892 | AC7: =Z7/AB7 -> 0 | AD7: =L7 -> 1 | AE7: =AC7*AD7 -> 0 | AH7: =AD7 -> 1 | AI7: =AG7*AH7 -> 0
A8: 2 | B8: 1.1 | D8: Chassis | F8: 2 | G8: Buy | H8: each | I8: P-F0102089001 | J8: =IF(LEFT(I8,2)="CO",I8,IF(LEFT(I8,2)="54","HT"&I8,IF(LEFT(I8,2)="KI","KT_"&MID(I8,5,24),IF(P8="THB","GT"&I8,IF(P8="USD","GU"&I8,IF(P8="CNY","GC"&I8)))))) -> GTP-F0102089001 | K8: EDP&Powder Chassis Assy / V2-4S Golf | L8: 1 | M8: GAT | N8: X0002 | O8: Xcellent Manufacturing (Thailand) Co.,Ltd. | P8: THB | U8: =TRIM(D8) -> Chassis | V8: =IF(U8="Seat-Option",LEFT(I8,18),TRIM(I8)) -> P-F0102089001 | W8: GT | X8: Local parts | AA8: =IF(W8="GU","USD","THB") -> THB | AB8: =IF(AA8="THB",AB$5,1) -> 32.1892 | AC8: =Z8/AB8 -> 0 | AD8: =L8 -> 1 | AE8: =AC8*AD8 -> 0 | AH8: =AD8 -> 1 | AI8: =AG8*AH8 -> 0
A9: 3 | B9: 1.2 | D9: Chassis | F9: 2 | G9: Buy | H9: each | I9: Y0410024021417 | J9: =IF(LEFT(I9,2)="CO",I9,IF(LEFT(I9,2)="54","HT"&I9,IF(LEFT(I9,2)="KI","KT_"&MID(I9,5,24),IF(P9="THB","GT"&I9,IF(P9="USD","GU"&I9,IF(P9="CNY","GC"&I9)))))) -> GUY0410024021417 | K9: Instr Panel Upper Curved Beam | L9: 1 | M9: GAT | N9: Y0009 | O9: Yangzhou Wev International Trade Co.,Ltd. | P9: USD | U9: =TRIM(D9) -> Chassis | V9: =IF(U9="Seat-Option",LEFT(I9,18),TRIM(I9)) -> Y0410024021417 | W9: GU | X9: Oversea-WEV | AA9: =IF(W9="GU","USD","THB") -> USD | AB9: =IF(AA9="THB",AB$5,1) -> 1 | AC9: =Z9/AB9 -> 0 | AD9: =L9 -> 1 | AE9: =AC9*AD9 -> 0 | AH9: =AD9 -> 1 | AI9: =AG9*AH9 -> 0
A10: 4 | B10: 1.3 | D10: Chassis | F10: 2 | G10: Buy | H10: each | I10: Y0410024021418 | J10: =IF(LEFT(I10,2)="CO",I10,IF(LEFT(I10,2)="54","HT"&I10,IF(LEFT(I10,2)="KI","KT_"&MID(I10,5,24),IF(P10="THB","GT"&I10,IF(P10="USD","GU"&I10,IF(P10="CNY","GC"&I10)))))) -> GUY0410024021418 | K10: Instr Panel Upper Long Beam | L10: 2 | M10: GAT | N10: Y0009 | O10: Yangzhou Wev International Trade Co.,Ltd. | P10: USD | U10: =TRIM(D10) -> Chassis | V10: =IF(U10="Seat-Option",LEFT(I10,18),TRIM(I10)) -> Y0410024021418 | W10: GU | X10: Oversea-WEV | AA10: =IF(W10="GU","USD","THB") -> USD | AB10: =IF(AA10="THB",AB$5,1) -> 1 | AC10: =Z10/AB10 -> 0 | AD10: =L10 -> 2 | AE10: =AC10*AD10 -> 0 | AH10: =AD10 -> 2 | AI10: =AG10*AH10 -> 0
A11: 5 | B11: 1.4 | D11: Chassis | F11: 2 | G11: Buy | H11: each | I11: Y0410024021410 | J11: =IF(LEFT(I11,2)="CO",I11,IF(LEFT(I11,2)="54","HT"&I11,IF(LEFT(I11,2)="KI","KT_"&MID(I11,5,24),IF(P11="THB","GT"&I11,IF(P11="USD","GU"&I11,IF(P11="CNY","GC"&I11)))))) -> GUY0410024021410 | K11: Brake Master Cyl Mt Bracket | L11: 1 | M11: GAT | N11: Y0009 | O11: Yangzhou Wev International Trade Co.,Ltd. | P11: USD | U11: =TRIM(D11) -> Chassis | V11: =IF(U11="Seat-Option",LEFT(I11,18),TRIM(I11)) -> Y0410024021410 | W11: GU | X11: Oversea-WEV | AA11: =IF(W11="GU","USD","THB") -> USD | AB11: =IF(AA11="THB",AB$5,1) -> 1 | AC11: =Z11/AB11 -> 0 | AD11: =L11 -> 1 | AE11: =AC11*AD11 -> 0 | AH11: =AD11 -> 1 | AI11: =AG11*AH11 -> 0

Sheet Seat RMA
K2: RMA BOM No | L2: ='RMA Main BOM'!L2 -> RMA-BOM_25_180_R04 | M2: ='RMA Main BOM'!M2 -> ver. 20260302 for Order#31
K3: Customer BOM No | L3: ='RMA Main BOM'!L3 -> F0101023203 | M3: ='RMA Main BOM'!M3 -> ver. JS-S4FL-V2-202510000 for Order#31
K4: Model | L4: ='RMA Main BOM'!L4 -> V2-4SK | Z4: RMA BOM & COST | AG4: RMA Uplift COST (LCB port to RMA plant)
A5: =SUBTOTAL(3,Table1391112[Running]) -> 4 | K5: Series | L5: ='RMA Main BOM'!L5 -> V2-S 4+0 Golf | AB5: 32.1892 | AG5: Currency : USD)
A6: Running | B6: Item | C6: Status | D6: Category | E6: Station | F6: Level | G6: Part Type | H6: UOM | I6: Customer P/N | J6: RMA P/N | K6: RMA Part Description | L6: Usage Qty | M6: Company | N6: Supplier | O6: Supplier Name | P6: Curren | Q6: Purchase Price | R6: Note | S6: Comment | U6: Category | V6: Trim | W6: Code | X6: Location | Z6: Pure material/unit w/o Uplift | AA6: Currency | AB6: FX Conversion | AC6: Material cost (USD) | AD6: Material usage | AE6: Total material x usage (USD) | AG6: Uplift/unit | AH6: Material usage | AI6: Total Uplift
A7: 1 | B7: 1 | D7: Seat-Option | F7: 1 | G7: Non Buy | H7: Set | I7: KIT_SEAT_V2S_BK01BK | J7: =IF(LEFT(I7,2)="CO",I7,IF(LEFT(I7,2)="54","HT"&I7,IF(LEFT(I7,2)="KI","KT_"&MID(I7,5,24),IF(P7="THB","GT"&I7,IF(P7="USD","GU"&I7,IF(P7="CNY","GC"&I7)))))) -> KT_SEAT_V2S_BK01BK | K7: KIT_SEAT_V2S_BK01BK _BLK | L7: 1 | M7: RMA | N7: P0001 | O7: Main Parts Supplier Template | P7: THB | U7: =TRIM(D7) -> Seat-Option | V7: =IF(U7="Seat-Option",LEFT(I7,18),TRIM(I7)) -> KIT_SEAT_V2S_BK01B | W7: GT | X7: Local parts | Z7: =_xlfn.XLOOKUP((W7&V7),[1]GRN_20260331!$H:$H,[1]GRN_20260331!$W:$W,0) -> 0 | AA7: =IF(W7="GU","USD","THB") -> THB | AB7: =IF(AA7="THB",AB$5,1) -> 32.1892 | AC7: =Z7/AB7 -> 0 | AD7: =L7 -> 1 | AE7: =AC7*AD7 -> 0 | AG7: =_xlfn.XLOOKUP((W7&V7),[1]GRN_20260331!$H:$H,[1]GRN_20260331!$X:$X,0) -> 0 | AH7: =AD7 -> 1 | AI7: =AG7*AH7 -> 0
A8: 2 | B8: 1.1 | D8: Seat-Option | F8: 2 | G8: Buy | H8: Set | I8: F0103014347BK01BK033.1 | J8: =IF(LEFT(I8,2)="CO",I8,IF(LEFT(I8,2)="54","HT"&I8,IF(LEFT(I8,2)="KI","KT_"&MID(I8,5,24),IF(P8="THB","GT"&I8,IF(P8="USD","GU"&I8,IF(P8="CNY","GC"&I8)))))) -> GTF0103014347BK01BK033.1 | K8: Backrest Row1[BLK COVER BLK LINING] | L8: 1 | M8: RMA | N8: M0154 | O8: MT Cut & Sew Co.,Ltd. | P8: THB | U8: =TRIM(D8) -> Seat-Option | V8: F0103014347BK01BK0.1 | W8: GT | X8: Local parts | Z8: =_xlfn.XLOOKUP((W8&V8),[1]GRN_20260331!$H:$H,[1]GRN_20260331!$W:$W,0) -> 2802.66 | AA8: =IF(W8="GU","USD","THB") -> THB | AB8: =IF(AA8="THB",AB$5,1) -> 32.1892 | AC8: =Z8/AB8 -> 87.068333 | AD8: =L8 -> 1 | AE8: =AC8*AD8 -> 87.068333 | AG8: =_xlfn.XLOOKUP((W8&V8),[1]GRN_20260331!$H:$H,[1]GRN_20260331!$X:$X,0) -> 0 | AH8: =AD8 -> 1 | AI8: =AG8*AH8 -> 0
A9: 3 | B9: 1.2 | D9: Seat-Option | F9: 2 | G9: Buy | H9: Set | I9: F0103014347BK01BK033.2 | J9: =IF(LEFT(I9,2)="CO",I9,IF(LEFT(I9,2)="54","HT"&I9,IF(LEFT(I9,2)="KI","KT_"&MID(I9,5,24),IF(P9="THB","GT"&I9,IF(P9="USD","GU"&I9,IF(P9="CNY","GC"&I9)))))) -> GTF0103014347BK01BK033.2 | K9: Backrest Row2[BLK COVER BLK LINING] | L9: 1 | M9: RMA | N9: M0154 | O9: MT Cut & Sew Co.,Ltd. | P9: THB | U9: =TRIM(D9) -> Seat-Option | V9: F0103014347BK01BK0.2 | W9: GT | X9: Local parts | Z9: =_xlfn.XLOOKUP((W9&V9),[1]GRN_20260331!$H:$H,[1]GRN_20260331!$W:$W,0) -> 2682.66 | AA9: =IF(W9="GU","USD","THB") -> THB | AB9: =IF(AA9="THB",AB$5,1) -> 32.1892 | AC9: =Z9/AB9 -> 83.340375 | AD9: =L9 -> 1 | AE9: =AC9*AD9 -> 83.340375 | AG9: =_xlfn.XLOOKUP((W9&V9),[1]GRN_20260331!$H:$H,[1]GRN_20260331!$X:$X,0) -> 0 | AH9: =AD9 -> 1 | AI9: =AG9*AH9 -> 0
A10: 4 | B10: 1.3 | D10: Seat-Option | F10: 2 | G10: Buy | H10: Set | I10: F0103014348BK01BK0300 | J10: =IF(LEFT(I10,2)="CO",I10,IF(LEFT(I10,2)="54","HT"&I10,IF(LEFT(I10,2)="KI","KT_"&MID(I10,5,24),IF(P10="THB","GT"&I10,IF(P10="USD","GU"&I10,IF(P10="CNY","GC"&I10)))))) -> GTF0103014348BK01BK0300 | K10: Cushion Row1[BLK COVER BLK LINING] | L10: 1 | M10: RMA | N10: M0154 | O10: MT Cut & Sew Co.,Ltd. | P10: THB | U10: =TRIM(D10) -> Seat-Option | V10: =IF(U10="Seat-Option",LEFT(I10,18),TRIM(I10)) -> F0103014348BK01BK0 | W10: GT | X10: Local parts | Z10: =_xlfn.XLOOKUP((W10&V10),[1]GRN_20260331!$H:$H,[1]GRN_20260331!$W:$W,0) -> 1412.3 | AA10: =IF(W10="GU","USD","THB") -> THB | AB10: =IF(AA10="THB",AB$5,1) -> 32.1892 | AC10: =Z10/AB10 -> 43.874964 | AD10: =L10 -> 1 | AE10: =AC10*AD10 -> 43.874964 | AG10: =_xlfn.XLOOKUP((W10&V10),[1]GRN_20260331!$H:$H,[1]GRN_20260331!$X:$X,0) -> 0 | AH10: =AD10 -> 1 | AI10: =AG10*AH10 -> 0
A11: 5 | B11: 1.4 | D11: Seat-Option | F11: 2 | G11: Buy | H11: Set | I11: F0103014349BK01BK0300 | J11: =IF(LEFT(I11,2)="CO",I11,IF(LEFT(I11,2)="54","HT"&I11,IF(LEFT(I11,2)="KI","KT_"&MID(I11,5,24),IF(P11="THB","GT"&I11,IF(P11="USD","GU"&I11,IF(P11="CNY","GC"&I11)))))) -> GTF0103014349BK01BK0300 | K11: Cushion Row2[BLK COVER BLK LINING] | L11: 1 | M11: RMA | N11: M0154 | O11: MT Cut & Sew Co.,Ltd. | P11: THB | U11: =TRIM(D11) -> Seat-Option | V11: =IF(U11="Seat-Option",LEFT(I11,18),TRIM(I11)) -> F0103014349BK01BK0 | W11: GT | X11: Local parts | Z11: =_xlfn.XLOOKUP((W11&V11),[1]GRN_20260331!$H:$H,[1]GRN_20260331!$W:$W,0) -> 1412.3 | AA11: =IF(W11="GU","USD","THB") -> THB | AB11: =IF(AA11="THB",AB$5,1) -> 32.1892 | AC11: =Z11/AB11 -> 43.874964 | AD11: =L11 -> 1 | AE11: =AC11*AD11 -> 43.874964 | AG11: =_xlfn.XLOOKUP((W11&V11),[1]GRN_20260331!$H:$H,[1]GRN_20260331!$X:$X,0) -> 0 | AH11: =AD11 -> 1 | AI11: =AG11*AH11 -> 0

Sheet Paint RMA
K2: RMA BOM No | L2: ='RMA Main BOM'!L2 -> RMA-BOM_25_180_R04 | M2: ='RMA Main BOM'!M2 -> ver. 20260302 for Order#31
K3: Customer BOM No | L3: ='RMA Main BOM'!L3 -> F0101023203 | M3: ='RMA Main BOM'!M3 -> ver. JS-S4FL-V2-202510000 for Order#31
K4: Model | L4: ='RMA Main BOM'!L4 -> V2-4SK | Z4: RMA BOM & COST | AG4: RMA Uplift COST (LCB port to RMA plant)
A5: =SUBTOTAL(3,Table139111213[Running]) -> 8 | K5: Series | L5: ='RMA Main BOM'!L5 -> V2-S 4+0 Golf | AB5: 32.1892 | AG5: Currency : USD)
A6: Running | B6: Item | C6: Status | D6: Category | E6: Station | F6: Level | G6: Part Type | H6: UOM | I6: Customer P/N | J6: RMA P/N | K6: RMA Part Description | L6: Usage Qty | M6: Company | N6: Supplier | O6: Supplier Name | P6: Curren | Q6: Purchase Price | R6: Note | S6: Comment | U6: Category | V6: Trim | W6: Code | X6: Location | Z6: Pure material/unit w/o Uplift | AA6: Currency | AB6: FX Conversion | AC6: Material cost (USD) | AD6: Material usage | AE6: Total material x usage (USD) | AG6: Uplift/unit | AH6: Material usage | AI6: Total Uplift
A7: 1 | B7: 1 | D7: Plastic Paint-Option | F7: 1 | G7: Non Buy | H7: Set | I7: KIT_PNT_V2S_SMG440MZ | J7: =IF(LEFT(I7,2)="CO",I7,IF(LEFT(I7,2)="54","HT"&I7,IF(LEFT(I7,2)="KI","KT_"&MID(I7,5,24),IF(P7="THB","GT"&I7,IF(P7="USD","GU"&I7,IF(P7="CNY","GC"&I7)))))) -> KT_PNT_V2S_SMG440MZ | K7: BODY PLASTIC W/PAINT[RED] | L7: 1 | M7: RMA | N7: P0001 | O7: Main Parts Supplier Template | P7: THB | U7: =TRIM(D7) -> Plastic Paint-Option | V7: =IF(U7="Seat-Option",LEFT(I7,18),TRIM(I7)) -> KIT_PNT_V2S_SMG440MZ | W7: GT | X7: Local parts | Z7: =_xlfn.XLOOKUP((W7&V7),[1]GRN_20260331!$H:$H,[1]GRN_20260331!$W:$W,0) -> 0 | AA7: =IF(W7="GU","USD","THB") -> THB | AB7: =IF(AA7="THB",AB$5,1) -> 32.1892 | AC7: =Z7/AB7 -> 0 | AD7: =L7 -> 1 | AE7: =AC7*AD7 -> 0 | AG7: =_xlfn.XLOOKUP((W7&V7),[1]GRN_20260331!$H:$H,[1]GRN_20260331!$X:$X,0) -> 0 | AH7: =AD7 -> 1 | AI7: =AG7*AH7 -> 0
A8: 2 | B8: 1.01 | D8: Plastic Paint-Option | F8: 2 | G8: Make | H8: Each | I8: F0102089003PSMG440MZ | J8: =IF(LEFT(I8,2)="CO",I8,IF(LEFT(I8,2)="54","HT"&I8,IF(LEFT(I8,2)="KI","KT_"&MID(I8,5,24),IF(P8="THB","GT"&I8,IF(P8="USD","GU"&I8,IF(P8="CNY","GC"&I8)))))) -> GTF0102089003PSMG440MZ | K8: FRT COVER PAINT[RED] | L8: 1 | M8: RMA | N8: P0001 | O8: Main Parts Supplier Template | P8: THB | U8: =TRIM(D8) -> Plastic Paint-Option | V8: =IF(U8="Seat-Option",LEFT(I8,18),TRIM(I8)) -> F0102089003PSMG440MZ | W8: GT | X8: Local parts | Z8: =_xlfn.XLOOKUP((W8&V8),[1]GRN_20260331!$H:$H,[1]GRN_20260331!$W:$W,0) -> 0 | AA8: =IF(W8="GU","USD","THB") -> THB | AB8: =IF(AA8="THB",AB$5,1) -> 32.1892 | AC8: =Z8/AB8 -> 0 | AD8: =L8 -> 1 | AE8: =AC8*AD8 -> 0 | AG8: =_xlfn.XLOOKUP((W8&V8),[1]GRN_20260331!$H:$H,[1]GRN_20260331!$X:$X,0) -> 0 | AH8: =AD8 -> 1 | AI8: =AG8*AH8 -> 0
A9: 3 | B9: 1.02 | D9: Plastic Paint-Option | F9: 3 | G9: Buy | H9: Each | I9: P-F0102089003SMG440MZ | J9: =IF(LEFT(I9,2)="CO",I9,IF(LEFT(I9,2)="54","HT"&I9,IF(LEFT(I9,2)="KI","KT_"&MID(I9,5,24),IF(P9="THB","GT"&I9,IF(P9="USD","GU"&I9,IF(P9="CNY","GC"&I9)))))) -> GTP-F0102089003SMG440MZ | K9: PAINT PROCESS FRT COVER[RED- SMG440M] | L9: 1 | M9: RMA | N9: P0001 | O9: Main Parts Supplier Template | P9: THB | R9: Non-specific supplier | U9: =TRIM(D9) -> Plastic Paint-Option | V9: =IF(U9="Seat-Option",LEFT(I9,18),TRIM(I9)) -> P-F0102089003SMG440MZ | W9: GT | X9: Local parts | Z9: =_xlfn.XLOOKUP((W9&V9),[1]GRN_20260331!$H:$H,[1]GRN_20260331!$W:$W,0) -> 0 | AA9: =IF(W9="GU","USD","THB") -> THB | AB9: =IF(AA9="THB",AB$5,1) -> 32.1892 | AC9: =Z9/AB9 -> 0 | AD9: =L9 -> 1 | AE9: =AC9*AD9 -> 0 | AG9: =_xlfn.XLOOKUP((W9&V9),[1]GRN_20260331!$H:$H,[1]GRN_20260331!$X:$X,0) -> 0 | AH9: =AD9 -> 1 | AI9: =AG9*AH9 -> 0
A10: 4 | B10: 1.03 | D10: Plastic | F10: 3 | G10: Buy | H10: Each | I10: F0102089003 | J10: =IF(LEFT(I10,2)="CO",I10,IF(LEFT(I10,2)="54","HT"&I10,IF(LEFT(I10,2)="KI","KT_"&MID(I10,5,24),IF(P10="THB","GT"&I10,IF(P10="USD","GU"&I10,IF(P10="CNY","GC"&I10)))))) -> GTF0102089003 | K10: FRT COVER | L10: 1 | M10: RMA | N10: P0238 | O10: 687 Plastic and Mold Co.,Ltd. | P10: THB | U10: =TRIM(D10) -> Plastic | V10: =IF(U10="Seat-Option",LEFT(I10,18),TRIM(I10)) -> F0102089003 | W10: GT | X10: Local parts | Z10: =_xlfn.XLOOKUP((W10&V10),[1]GRN_20260331!$H:$H,[1]GRN_20260331!$W:$W,0) -> 473.51 | AA10: =IF(W10="GU","USD","THB") -> THB | AB10: =IF(AA10="THB",AB$5,1) -> 32.1892 | AC10: =Z10/AB10 -> 14.710213 | AD10: =L10 -> 1 | AE10: =AC10*AD10 -> 14.710213 | AG10: =_xlfn.XLOOKUP((W10&V10),[1]GRN_20260331!$H:$H,[1]GRN_20260331!$X:$X,0) -> 0 | AH10: =AD10 -> 1 | AI10: =AG10*AH10 -> 0
A11: 5 | B11: 1.04 | D11: Plastic Paint-Option | F11: 2 | G11: Make | H11: Each | I11: F0102089006PSMG440MZ | J11: =IF(LEFT(I11,2)="CO",I11,IF(LEFT(I11,2)="54","HT"&I11,IF(LEFT(I11,2)="KI","KT_"&MID(I11,5,24),IF(P11="THB","GT"&I11,IF(P11="USD","GU"&I11,IF(P11="CNY","GC"&I11)))))) -> GTF0102089006PSMG440MZ | K11: FRT STORAGE COVER PAINT[RED] | L11: 1 | M11: RMA | N11: P0001 | O11: Main Parts Supplier Template | P11: THB | U11: =TRIM(D11) -> Plastic Paint-Option | V11: =IF(U11="Seat-Option",LEFT(I11,18),TRIM(I11)) -> F0102089006PSMG440MZ | W11: GT | X11: Local parts | Z11: =_xlfn.XLOOKUP((W11&V11),[1]GRN_20260331!$H:$H,[1]GRN_20260331!$W:$W,0) -> 0 | AA11: =IF(W11="GU","USD","THB") -> THB | AB11: =IF(AA11="THB",AB$5,1) -> 32.1892 | AC11: =Z11/AB11 -> 0 | AD11: =L11 -> 1 | AE11: =AC11*AD11 -> 0 | AG11: =_xlfn.XLOOKUP((W11&V11),[1]GRN_20260331!$H:$H,[1]GRN_20260331!$X:$X,0) -> 0 | AH11: =AD11 -> 1 | AI11: =AG11*AH11 -> 0
A12: 6 | B12: 1.05 | D12: Plastic Paint-Option | F12: 3 | G12: Buy | H12: Each | I12: P-F0102089006SMG440MZ | J12: =IF(LEFT(I12,2)="CO",I12,IF(LEFT(I12,2)="54","HT"&I12,IF(LEFT(I12,2)="KI","KT_"&MID(I12,5,24),IF(P12="THB","GT"&I12,IF(P12="USD","GU"&I12,IF(P12="CNY","GC"&I12)))))) -> GTP-F0102089006SMG440MZ | K12: PAINT FRT STORAGE COVER[RED- SMG440M] | L12: 1 | M12: RMA | N12: P0001 | O12: Main Parts Supplier Template | P12: THB | R12: Non-specific supplier | U12: =TRIM(D12) -> Plastic Paint-Option | V12: =IF(U12="Seat-Option",LEFT(I12,18),TRIM(I12)) -> P-F0102089006SMG440MZ | W12: GT | X12: Local parts | Z12: =_xlfn.XLOOKUP((W12&V12),[1]GRN_20260331!$H:$H,[1]GRN_20260331!$W:$W,0) -> 0 | AA12: =IF(W12="GU","USD","THB") -> THB | AB12: =IF(AA12="THB",AB$5,1) -> 32.1892 | AC12: =Z12/AB12 -> 0 | AD12: =L12 -> 1 | AE12: =AC12*AD12 -> 0 | AG12: =_xlfn.XLOOKUP((W12&V12),[1]GRN_20260331!$H:$H,[1]GRN_20260331!$X:$X,0) -> 0 | AH12: =AD12 -> 1 | AI12: =AG12*AH12 -> 0
A13: 7 | B13: 1.06 | D13: Plastic | F13: 3 | G13: Buy | H13: Each | I13: F0102089006 | J13: =IF(LEFT(I13,2)="CO",I13,IF(LEFT(I13,2)="54","HT"&I13,IF(LEFT(I13,2)="KI","KT_"&MID(I13,5,24),IF(P13="THB","GT"&I13,IF(P13="USD","GU"&I13,IF(P13="CNY","GC"&I13)))))) -> GTF0102089006 | K13: FRT STORAGE COMPARTMENT COVER | L13: 1 | M13: RMA | N13: T0255 | O13: Tayih Kenmos Autoparts Co.,Ltd. | P13: THB | U13: =TRIM(D13) -> Plastic | V13: =IF(U13="Seat-Option",LEFT(I13,18),TRIM(I13)) -> F0102089006 | W13: GT | X13: Local parts | Z13: =_xlfn.XLOOKUP((W13&V13),[1]GRN_20260331!$H:$H,[1]GRN_20260331!$W:$W,0) -> 932.37 | AA13: =IF(W13="GU","USD","THB") -> THB | AB13: =IF(AA13="THB",AB$5,1) -> 32.1892 | AC13: =Z13/AB13 -> 28.965305 | AD13: =L13 -> 1 | AE13: =AC13*AD13 -> 28.965305 | AG13: =_xlfn.XLOOKUP((W13&V13),[1]GRN_20260331!$H:$H,[1]GRN_20260331!$X:$X,0) -> 0 | AH13: =AD13 -> 1 | AI13: =AG13*AH13 -> 0
A14: 8 | B14: 1.07 | D14: Plastic Paint-Option | F14: 2 | G14: Make | H14: Each | I14: F0102089013PSMG440MZ | J14: =IF(LEFT(I14,2)="CO",I14,IF(LEFT(I14,2)="54","HT"&I14,IF(LEFT(I14,2)="KI","KT_"&MID(I14,5,24),IF(P14="THB","GT"&I14,IF(P14="USD","GU"&I14,IF(P14="CNY","GC"&I14)))))) -> GTF0102089013PSMG440MZ | K14: FRT BUMPER DECO PART 1 PAINT[RED] | L14: 1 | M14: RMA | N14: P0001 | O14: Main Parts Supplier Template | P14: THB | U14: =TRIM(D14) -> Plastic Paint-Option | V14: =IF(U14="Seat-Option",LEFT(I14,18),TRIM(I14)) -> F0102089013PSMG440MZ | W14: GT | X14: Local parts | Z14: =_xlfn.XLOOKUP((W14&V14),[1]GRN_20260331!$H:$H,[1]GRN_20260331!$W:$W,0) -> 0 | AA14: =IF(W14="GU","USD","THB") -> THB | AB14: =IF(AA14="THB",AB$5,1) -> 32.1892 | AC14: =Z14/AB14 -> 0 | AD14: =L14 -> 1 | AE14: =AC14*AD14 -> 0 | AG14: =_xlfn.XLOOKUP((W14&V14),[1]GRN_20260331!$H:$H,[1]GRN_20260331!$X:$X,0) -> 0 | AH14: =AD14 -> 1 | AI14: =AG14*AH14 -> 0
A15: 9 | B15: 1.08 | D15: Plastic Paint-Option | F15: 3 | G15: Buy | H15: Each | I15: P-F0102089013SMG440MZ | J15: =IF(LEFT(I15,2)="CO",I15,IF(LEFT(I15,2)="54","HT"&I15,IF(LEFT(I15,2)="KI","KT_"&MID(I15,5,24),IF(P15="THB","GT"&I15,IF(P15="USD","GU"&I15,IF(P15="CNY","GC"&I15)))))) -> GTP-F0102089013SMG440MZ | K15: PAINT FRT BUMPER DECO 1[RED- SMG440M] | L15: 1 | M15: RMA | N15: P0001 | O15: Main Parts Supplier Template | P15: THB | R15: Non-specific supplier | U15: =TRIM(D15) -> Plastic Paint-Option | V15: =IF(U15="Seat-Option",LEFT(I15,18),TRIM(I15)) -> P-F0102089013SMG440MZ | W15: GT | X15: Local parts | Z15: =_xlfn.XLOOKUP((W15&V15),[1]GRN_20260331!$H:$H,[1]GRN_20260331!$W:$W,0) -> 0 | AA15: =IF(W15="GU","USD","THB") -> THB | AB15: =IF(AA15="THB",AB$5,1) -> 32.1892 | AC15: =Z15/AB15 -> 0 | AD15: =L15 -> 1 | AE15: =AC15*AD15 -> 0 | AG15: =_xlfn.XLOOKUP((W15&V15),[1]GRN_20260331!$H:$H,[1]GRN_20260331!$X:$X,0) -> 0 | AH15: =AD15 -> 1 | AI15: =AG15*AH15 -> 0
A16: 10 | B16: 1.09 | D16: Plastic | F16: 3 | G16: Buy | H16: Each | I16: F0102089013 | J16: =IF(LEFT(I16,2)="CO",I16,IF(LEFT(I16,2)="54","HT"&I16,IF(LEFT(I16,2)="KI","KT_"&MID(I16,5,24),IF(P16="THB","GT"&I16,IF(P16="USD","GU"&I16,IF(P16="CNY","GC"&I16)))))) -> GTF0102089013 | K16: FRT BUMPER DECO PART 1 | L16: 1 | M16: RMA | N16: S0403 | O16: Sombat Plastic Co.,Ltd. | P16: THB | U16: =TRIM(D16) -> Plastic | V16: =IF(U16="Seat-Option",LEFT(I16,18),TRIM(I16)) -> F0102089013 | W16: GT | X16: Local parts | Z16: =_xlfn.XLOOKUP((W16&V16),[1]GRN_20260331!$H:$H,[1]GRN_20260331!$W:$W,0) -> 70.96 | AA16: =IF(W16="GU","USD","THB") -> THB | AB16: =IF(AA16="THB",AB$5,1) -> 32.1892 | AC16: =Z16/AB16 -> 2.2044661 | AD16: =L16 -> 1 | AE16: =AC16*AD16 -> 2.2044661 | AG16: =_xlfn.XLOOKUP((W16&V16),[1]GRN_20260331!$H:$H,[1]GRN_20260331!$X:$X,0) -> 0 | AH16: =AD16 -> 1 | AI16: =AG16*AH16 -> 0
A17: 11 | B17: 1.1 | D17: Plastic Paint-Option | F17: 2 | G17: Make | H17: Each | I17: F0102089037PSMG440MZ | J17: =IF(LEFT(I17,2)="CO",I17,IF(LEFT(I17,2)="54","HT"&I17,IF(LEFT(I17,2)="KI","KT_"&MID(I17,5,24),IF(P17="THB","GT"&I17,IF(P17="USD","GU"&I17,IF(P17="CNY","GC"&I17)))))) -> GTF0102089037PSMG440MZ | K17: INSTR PANEL DECO STRIP L PAINT[RED] | L17: 1 | M17: RMA | N17: P0001 | O17: Main Parts Supplier Template | P17: THB | U17: =TRIM(D17) -> Plastic Paint-Option | V17: =IF(U17="Seat-Option",LEFT(I17,18),TRIM(I17)) -> F0102089037PSMG440MZ | W17: GT | X17: Local parts | Z17: =_xlfn.XLOOKUP((W17&V17),[1]GRN_20260331!$H:$H,[1]GRN_20260331!$W:$W,0) -> 0 | AA17: =IF(W17="GU","USD","THB") -> THB | AB17: =IF(AA17="THB",AB$5,1) -> 32.1892 | AC17: =Z17/AB17 -> 0 | AD17: =L17 -> 1 | AE17: =AC17*AD17 -> 0 | AG17: =_xlfn.XLOOKUP((W17&V17),[1]GRN_20260331!$H:$H,[1]GRN_20260331!$X:$X,0) -> 0 | AH17: =AD17 -> 1 | AI17: =AG17*AH17 -> 0
A18: 12 | B18: 1.11 | D18: Plastic Paint-Option | F18: 3 | G18: Buy | H18: Each | I18: P-F0102089037SMG440MZ | J18: =IF(LEFT(I18,2)="CO",I18,IF(LEFT(I18,2)="54","HT"&I18,IF(LEFT(I18,2)="KI","KT_"&MID(I18,5,24),IF(P18="THB","GT"&I18,IF(P18="USD","GU"&I18,IF(P18="CNY","GC"&I18)))))) -> GTP-F0102089037SMG440MZ | K18: PAINT IP DECO STRIP L[RED- SMG440M] | L18: 1 | M18: RMA | N18: P0001 | O18: Main Parts Supplier Template | P18: THB | R18: Non-specific supplier | U18: =TRIM(D18) -> Plastic Paint-Option | V18: =IF(U18="Seat-Option",LEFT(I18,18),TRIM(I18)) -> P-F0102089037SMG440MZ | W18: GT | X18: Local parts | Z18: =_xlfn.XLOOKUP((W18&V18),[1]GRN_20260331!$H:$H,[1]GRN_20260331!$W:$W,0) -> 0 | AA18: =IF(W18="GU","USD","THB") -> THB | AB18: =IF(AA18="THB",AB$5,1) -> 32.1892 | AC18: =Z18/AB18 -> 0 | AD18: =L18 -> 1 | AE18: =AC18*AD18 -> 0 | AG18: =_xlfn.XLOOKUP((W18&V18),[1]GRN_20260331!$H:$H,[1]GRN_20260331!$X:$X,0) -> 0 | AH18: =AD18 -> 1 | AI18: =AG18*AH18 -> 0
A19: 13 | B19: 1.12 | D19: Plastic | F19: 3 | G19: Buy | H19: Each | I19: F0102089037 | J19: =IF(LEFT(I19,2)="CO",I19,IF(LEFT(I19,2)="54","HT"&I19,IF(LEFT(I19,2)="KI","KT_"&MID(I19,5,24),IF(P19="THB","GT"&I19,IF(P19="USD","GU"&I19,IF(P19="CNY","GC"&I19)))))) -> GTF0102089037 | K19: INSTR PANEL DECO STRIP L | L19: 1 | M19: RMA | N19: J0019 | O19: J.V. (Thailand) Co.,Ltd. | P19: THB | U19: =TRIM(D19) -> Plastic | V19: =IF(U19="Seat-Option",LEFT(I19,18),TRIM(I19)) -> F0102089037 | W19: GT | X19: Local parts | Z19: =_xlfn.XLOOKUP((W19&V19),[1]GRN_20260331!$H:$H,[1]GRN_20260331!$W:$W,0) -> 10 | AA19: =IF(W19="GU","USD","THB") -> THB | AB19: =IF(AA19="THB",AB$5,1) -> 32.1892 | AC19: =Z19/AB19 -> 0.3106632 | AD19: =L19 -> 1 | AE19: =AC19*AD19 -> 0.3106632 | AG19: =_xlfn.XLOOKUP((W19&V19),[1]GRN_20260331!$H:$H,[1]GRN_20260331!$X:$X,0) -> 0 | AH19: =AD19 -> 1 | AI19: =AG19*AH19 -> 0
A20: 14 | B20: 1.13 | D20: Plastic Paint-Option | F20: 2 | G20: Make | H20: Each | I20: F0102089038PSMG440MZ | J20: =IF(LEFT(I20,2)="CO",I20,IF(LEFT(I20,2)="54","HT"&I20,IF(LEFT(I20,2)="KI","KT_"&MID(I20,5,24),IF(P20="THB","GT"&I20,IF(P20="USD","GU"&I20,IF(P20="CNY","GC"&I20)))))) -> GTF0102089038PSMG440MZ | K20: INSTR PANEL DECO STRIP R PAINT[RED] | L20: 1 | M20: RMA | N20: P0001 | O20: Main Parts Supplier Template | P20: THB | U20: =TRIM(D20) -> Plastic Paint-Option | V20: =IF(U20="Seat-Option",LEFT(I20,18),TRIM(I20)) -> F0102089038PSMG440MZ | W20: GT | X20: Local parts | Z20: =_xlfn.XLOOKUP((W20&V20),[1]GRN_20260331!$H:$H,[1]GRN_20260331!$W:$W,0) -> 0 | AA20: =IF(W20="GU","USD","THB") -> THB | AB20: =IF(AA20="THB",AB$5,1) -> 32.1892 | AC20: =Z20/AB20 -> 0 | AD20: =L20 -> 1 | AE20: =AC20*AD20 -> 0 | AG20: =_xlfn.XLOOKUP((W20&V20),[1]GRN_20260331!$H:$H,[1]GRN_20260331!$X:$X,0) -> 0 | AH20: =AD20 -> 1 | AI20: =AG20*AH20 -> 0
A21: 15 | B21: 1.14 | D21: Plastic Paint-Option | F21: 3 | G21: Buy | H21: Each | I21: P-F0102089038SMG440MZ | J21: =IF(LEFT(I21,2)="CO",I21,IF(LEFT(I21,2)="54","HT"&I21,IF(LEFT(I21,2)="KI","KT_"&MID(I21,5,24),IF(P21="THB","GT"&I21,IF(P21="USD","GU"&I21,IF(P21="CNY","GC"&I21)))))) -> GTP-F0102089038SMG440MZ | K21: PAINT IP DECO STRIP R[RED- SMG440M] | L21: 1 | M21: RMA | N21: P0001 | O21: Main Parts Supplier Template | P21: THB | R21: Non-specific supplier | U21: =TRIM(D21) -> Plastic Paint-Option | V21: =IF(U21="Seat-Option",LEFT(I21,18),TRIM(I21)) -> P-F0102089038SMG440MZ | W21: GT | X21: Local parts | Z21: =_xlfn.XLOOKUP((W21&V21),[1]GRN_20260331!$H:$H,[1]GRN_20260331!$W:$W,0) -> 0 | AA21: =IF(W21="GU","USD","THB") -> THB | AB21: =IF(AA21="THB",AB$5,1) -> 32.1892 | AC21: =Z21/AB21 -> 0 | AD21: =L21 -> 1 | AE21: =AC21*AD21 -> 0 | AG21: =_xlfn.XLOOKUP((W21&V21),[1]GRN_20260331!$H:$H,[1]GRN_20260331!$X:$X,0) -> 0 | AH21: =AD21 -> 1 | AI21: =AG21*AH21 -> 0
A22: 16 | B22: 1.15 | D22: Plastic | F22: 3 | G22: Buy | H22: Each | I22: F0102089038 | J22: =IF(LEFT(I22,2)="CO",I22,IF(LEFT(I22,2)="54","HT"&I22,IF(LEFT(I22,2)="KI","KT_"&MID(I22,5,24),IF(P22="THB","GT"&I22,IF(P22="USD","GU"&I22,IF(P22="CNY","GC"&I22)))))) -> GTF0102089038 | K22: INSTR PANEL DECO STRIP R | L22: 1 | M22: RMA | N22: J0019 | O22: J.V. (Thailand) Co.,Ltd. | P22: THB | U22: =TRIM(D22) -> Plastic | V22: =IF(U22="Seat-Option",LEFT(I22,18),TRIM(I22)) -> F0102089038 | W22: GT | X22: Local parts | Z22: =_xlfn.XLOOKUP((W22&V22),[1]GRN_20260331!$H:$H,[1]GRN_20260331!$W:$W,0) -> 18 | AA22: =IF(W22="GU","USD","THB") -> THB | AB22: =IF(AA22="THB",AB$5,1) -> 32.1892 | AC22: =Z22/AB22 -> 0.55919377 | AD22: =L22 -> 1 | AE22: =AC22*AD22 -> 0.55919377 | AG22: =_xlfn.XLOOKUP((W22&V22),[1]GRN_20260331!$H:$H,[1]GRN_20260331!$X:$X,0) -> 0 | AH22: =AD22 -> 1 | AI22: =AG22*AH22 -> 0
A23: 17 | B23: 1.16 | D23: Plastic Paint-Option | F23: 2 | G23: Make | H23: Each | I23: F0102089047PSMG440MZ | J23: =IF(LEFT(I23,2)="CO",I23,IF(LEFT(I23,2)="54","HT"&I23,IF(LEFT(I23,2)="KI","KT_"&MID(I23,5,24),IF(P23="THB","GT"&I23,IF(P23="USD","GU"&I23,IF(P23="CNY","GC"&I23)))))) -> GTF0102089047PSMG440MZ | K23: MIDDLE SEAT BUCKET PAINT[RED] | L23: 1 | M23: RMA | N23: P0001 | O23: Main Parts Supplier Template | P23: THB | U23: =TRIM(D23) -> Plastic Paint-Option | V23: =IF(U23="Seat-Option",LEFT(I23,18),TRIM(I23)) -> F0102089047PSMG440MZ | W23: GT | X23: Local parts | Z23: =_xlfn.XLOOKUP((W23&V23),[1]GRN_20260331!$H:$H,[1]GRN_20260331!$W:$W,0) -> 0 | AA23: =IF(W23="GU","USD","THB") -> THB | AB23: =IF(AA23="THB",AB$5,1) -> 32.1892 | AC23: =Z23/AB23 -> 0 | AD23: =L23 -> 1 | AE23: =AC23*AD23 -> 0 | AG23: =_xlfn.XLOOKUP((W23&V23),[1]GRN_20260331!$H:$H,[1]GRN_20260331!$X:$X,0) -> 0 | AH23: =AD23 -> 1 | AI23: =AG23*AH23 -> 0
A24: 18 | B24: 1.17 | D24: Plastic Paint-Option | F24: 3 | G24: Buy | H24: Each | I24: P-F0102089047SMG440MZ | J24: =IF(LEFT(I24,2)="CO",I24,IF(LEFT(I24,2)="54","HT"&I24,IF(LEFT(I24,2)="KI","KT_"&MID(I24,5,24),IF(P24="THB","GT"&I24,IF(P24="USD","GU"&I24,IF(P24="CNY","GC"&I24)))))) -> GTP-F0102089047SMG440MZ | K24: PAINT MID SEAT BUCKET[RED- SMG440M] | L24: 1 | M24: RMA | N24: P0001 | O24: Main Parts Supplier Template | P24: THB | R24: Non-specific supplier | U24: =TRIM(D24) -> Plastic Paint-Option | V24: =IF(U24="Seat-Option",LEFT(I24,18),TRIM(I24)) -> P-F0102089047SMG440MZ | W24: GT | X24: Local parts | Z24: =_xlfn.XLOOKUP((W24&V24),[1]GRN_20260331!$H:$H,[1]GRN_20260331!$W:$W,0) -> 0 | AA24: =IF(W24="GU","USD","THB") -> THB | AB24: =IF(AA24="THB",AB$5,1) -> 32.1892 | AC24: =Z24/AB24 -> 0 | AD24: =L24 -> 1 | AE24: =AC24*AD24 -> 0 | AG24: =_xlfn.XLOOKUP((W24&V24),[1]GRN_20260331!$H:$H,[1]GRN_20260331!$X:$X,0) -> 0 | AH24: =AD24 -> 1 | AI24: =AG24*AH24 -> 0
A25: 19 | B25: 1.18 | D25: Plastic | F25: 3 | G25: Buy | H25: Each | I25: F0102089047 | J25: =IF(LEFT(I25,2)="CO",I25,IF(LEFT(I25,2)="54","HT"&I25,IF(LEFT(I25,2)="KI","KT_"&MID(I25,5,24),IF(P25="THB","GT"&I25,IF(P25="USD","GU"&I25,IF(P25="CNY","GC"&I25)))))) -> GUF0102089047 | K25: MIDDLE SEAT BUCKET | L25: 1 | M25: RMA | N25: Y0030 | O25: Yangzhou Wev International Trade Co.,Ltd. | P25: USD | U25: =TRIM(D25) -> Plastic | V25: =IF(U25="Seat-Option",LEFT(I25,18),TRIM(I25)) -> F0102089047 | W25: GU | X25: Oversea-WEV | Z25: =_xlfn.XLOOKUP((W25&V25),[1]GRN_20260331!$H:$H,[1]GRN_20260331!$W:$W,0) -> 22.62 | AA25: =IF(W25="GU","USD","THB") -> USD | AB25: =IF(AA25="THB",AB$5,1) -> 1 | AC25: =Z25/AB25 -> 22.62 | AD25: =L25 -> 1 | AE25: =AC25*AD25 -> 22.62 | AG25: =_xlfn.XLOOKUP((W25&V25),[1]GRN_20260331!$H:$H,[1]GRN_20260331!$X:$X,0) -> 0.5716926 | AH25: =AD25 -> 1 | AI25: =AG25*AH25 -> 0.5716926
A26: 20 | B26: 1.19 | D26: Plastic Paint-Option | F26: 2 | G26: Make | H26: Each | I26: F0102089050PSMG440MZ | J26: =IF(LEFT(I26,2)="CO",I26,IF(LEFT(I26,2)="54","HT"&I26,IF(LEFT(I26,2)="KI","KT_"&MID(I26,5,24),IF(P26="THB","GT"&I26,IF(P26="USD","GU"&I26,IF(P26="CNY","GC"&I26)))))) -> GTF0102089050PSMG440MZ | K26: RR COVER PAINT[RED] | L26: 1 | M26: RMA | N26: P0001 | O26: Main Parts Supplier Template | P26: THB | U26: =TRIM(D26) -> Plastic Paint-Option | V26: =IF(U26="Seat-Option",LEFT(I26,18),TRIM(I26)) -> F0102089050PSMG440MZ | W26: GT | X26: Local parts | Z26: =_xlfn.XLOOKUP((W26&V26),[1]GRN_20260331!$H:$H,[1]GRN_20260331!$W:$W,0) -> 0 | AA26: =IF(W26="GU","USD","THB") -> THB | AB26: =IF(AA26="THB",AB$5,1) -> 32.1892 | AC26: =Z26/AB26 -> 0 | AD26: =L26 -> 1 | AE26: =AC26*AD26 -> 0 | AG26: =_xlfn.XLOOKUP((W26&V26),[1]GRN_20260331!$H:$H,[1]GRN_20260331!$X:$X,0) -> 0 | AH26: =AD26 -> 1 | AI26: =AG26*AH26 -> 0
A27: 21 | B27: 1.2 | D27: Plastic Paint-Option | F27: 3 | G27: Buy | H27: Each | I27: P-F0102089050SMG440MZ | J27: =IF(LEFT(I27,2)="CO",I27,IF(LEFT(I27,2)="54","HT"&I27,IF(LEFT(I27,2)="KI","KT_"&MID(I27,5,24),IF(P27="THB","GT"&I27,IF(P27="USD","GU"&I27,IF(P27="CNY","GC"&I27)))))) -> GTP-F0102089050SMG440MZ | K27: PAINT PROCESS RR COVER[RED- SMG440M] | L27: 1 | M27: RMA | N27: P0001 | O27: Main Parts Supplier Template | P27: THB | R27: Non-specific supplier | U27: =TRIM(D27) -> Plastic Paint-Option | V27: =IF(U27="Seat-Option",LEFT(I27,18),TRIM(I27)) -> P-F0102089050SMG440MZ | W27: GT | X27: Local parts | Z27: =_xlfn.XLOOKUP((W27&V27),[1]GRN_20260331!$H:$H,[1]GRN_20260331!$W:$W,0) -> 0 | AA27: =IF(W27="GU","USD","THB") -> THB | AB27: =IF(AA27="THB",AB$5,1) -> 32.1892 | AC27: =Z27/AB27 -> 0 | AD27: =L27 -> 1 | AE27: =AC27*AD27 -> 0 | AG27: =_xlfn.XLOOKUP((W27&V27),[1]GRN_20260331!$H:$H,[1]GRN_20260331!$X:$X,0) -> 0 | AH27: =AD27 -> 1 | AI27: =AG27*AH27 -> 0
A28: 22 | B28: 1.21 | D28: Plastic | F28: 3 | G28: Buy | H28: Each | I28: F0102089050 | J28: =IF(LEFT(I28,2)="CO",I28,IF(LEFT(I28,2)="54","HT"&I28,IF(LEFT(I28,2)="KI","KT_"&MID(I28,5,24),IF(P28="THB","GT"&I28,IF(P28="USD","GU"&I28,IF(P28="CNY","GC"&I28)))))) -> GUF0102089050 | K28: RR COVER | L28: 1 | M28: RMA | N28: Y0030 | O28: Yangzhou Wev International Trade Co.,Ltd. | P28: USD | U28: =TRIM(D28) -> Plastic | V28: =IF(U28="Seat-Option",LEFT(I28,18),TRIM(I28)) -> F0102089050 | W28: GU | X28: Oversea-WEV | Z28: =_xlfn.XLOOKUP((W28&V28),[1]GRN_20260331!$H:$H,[1]GRN_20260331!$W:$W,0) -> 39.58 | AA28: =IF(W28="GU","USD","THB") -> USD | AB28: =IF(AA28="THB",AB$5,1) -> 1 | AC28: =Z28/AB28 -> 39.58 | AD28: =L28 -> 1 | AE28: =AC28*AD28 -> 39.58 | AG28: =_xlfn.XLOOKUP((W28&V28),[1]GRN_20260331!$H:$H,[1]GRN_20260331!$X:$X,0) -> 0.31394914 | AH28: =AD28 -> 1 | AI28: =AG28*AH28 -> 0.31394914
A29: 23 | B29: 1.22 | D29: Plastic Paint-Option | F29: 2 | G29: Make | H29: Each | I29: F0102081005PSMG440MZ | J29: =IF(LEFT(I29,2)="CO",I29,IF(LEFT(I29,2)="54","HT"&I29,IF(LEFT(I29,2)="KI","KT_"&MID(I29,5,24),IF(P29="THB","GT"&I29,IF(P29="USD","GU"&I29,IF(P29="CNY","GC"&I29)))))) -> GTF0102081005PSMG440MZ | K29: 4-SEAT MOLDED ROOF PAINT[RED] | L29: 1 | M29: RMA | N29: P0001 | O29: Main Parts Supplier Template | P29: THB | U29: =TRIM(D29) -> Plastic Paint-Option | V29: =IF(U29="Seat-Option",LEFT(I29,18),TRIM(I29)) -> F0102081005PSMG440MZ | W29: GT | X29: Local parts | Z29: =_xlfn.XLOOKUP((W29&V29),[1]GRN_20260331!$H:$H,[1]GRN_20260331!$W:$W,0) -> 0 | AA29: =IF(W29="GU","USD","THB") -> THB | AB29: =IF(AA29="THB",AB$5,1) -> 32.1892 | AC29: =Z29/AB29 -> 0 | AD29: =L29 -> 1 | AE29: =AC29*AD29 -> 0 | AG29: =_xlfn.XLOOKUP((W29&V29),[1]GRN_20260331!$H:$H,[1]GRN_20260331!$X:$X,0) -> 0 | AH29: =AD29 -> 1 | AI29: =AG29*AH29 -> 0
A30: 24 | B30: 1.23 | D30: Plastic Paint-Option | F30: 3 | G30: Buy | H30: Each | I30: P-F0102081005SMG440MZ | J30: =IF(LEFT(I30,2)="CO",I30,IF(LEFT(I30,2)="54","HT"&I30,IF(LEFT(I30,2)="KI","KT_"&MID(I30,5,24),IF(P30="THB","GT"&I30,IF(P30="USD","GU"&I30,IF(P30="CNY","GC"&I30)))))) -> GTP-F0102081005SMG440MZ | K30: PAINT 4-SEAT ROOF[RED- SMG440M] | L30: 1 | M30: RMA | N30: P0001 | O30: Main Parts Supplier Template | P30: THB | R30: Non-specific supplier | U30: =TRIM(D30) -> Plastic Paint-Option | V30: =IF(U30="Seat-Option",LEFT(I30,18),TRIM(I30)) -> P-F0102081005SMG440MZ | W30: GT | X30: Local parts | Z30: =_xlfn.XLOOKUP((W30&V30),[1]GRN_20260331!$H:$H,[1]GRN_20260331!$W:$W,0) -> 0 | AA30: =IF(W30="GU","USD","THB") -> THB | AB30: =IF(AA30="THB",AB$5,1) -> 32.1892 | AC30: =Z30/AB30 -> 0 | AD30: =L30 -> 1 | AE30: =AC30*AD30 -> 0 | AG30: =_xlfn.XLOOKUP((W30&V30),[1]GRN_20260331!$H:$H,[1]GRN_20260331!$X:$X,0) -> 0 | AH30: =AD30 -> 1 | AI30: =AG30*AH30 -> 0
A31: 25 | B31: 1.24 | D31: Plastic | F31: 3 | G31: Buy | H31: Each | I31: F0102081005 | J31: =IF(LEFT(I31,2)="CO",I31,IF(LEFT(I31,2)="54","HT"&I31,IF(LEFT(I31,2)="KI","KT_"&MID(I31,5,24),IF(P31="THB","GT"&I31,IF(P31="USD","GU"&I31,IF(P31="CNY","GC"&I31)))))) -> GUF0102081005 | K31: 4-SEAT MOLDED ROOF | L31: 1 | M31: RMA | N31: Y0030 | O31: Yangzhou Wev International Trade Co.,Ltd. | P31: USD | U31: =TRIM(D31) -> Plastic | V31: =IF(U31="Seat-Option",LEFT(I31,18),TRIM(I31)) -> F0102081005 | W31: GU | X31: Oversea-WEV | Z31: =_xlfn.XLOOKUP((W31&V31),[1]GRN_20260331!$H:$H,[1]GRN_20260331!$W:$W,0) -> 55.36 | AA31: =IF(W31="GU","USD","THB") -> USD | AB31: =IF(AA31="THB",AB$5,1) -> 1 | AC31: =Z31/AB31 -> 55.36 | AD31: =L31 -> 1 | AE31: =AC31*AD31 -> 55.36 | AG31: =_xlfn.XLOOKUP((W31&V31),[1]GRN_20260331!$H:$H,[1]GRN_20260331!$X:$X,0) -> 2.6592994 | AH31: =AD31 -> 1 | AI31: =AG31*AH31 -> 2.6592994
A32: 26 | B32: 2 | D32: Plastic Paint-Option | F32: 1 | G32: Non Buy | H32: Set | I32: KIT_PNT_V2S_SMG6204Z | J32: =IF(LEFT(I32,2)="CO",I32,IF(LEFT(I32,2)="54","HT"&I32,IF(LEFT(I32,2)="KI","KT_"&MID(I32,5,24),IF(P32="THB","GT"&I32,IF(P32="USD","GU"&I32,IF(P32="CNY","GC"&I32)))))) -> KT_PNT_V2S_SMG6204Z | K32: BODY PLASTIC W/PAINT[D-BLU] | L32: 1 | M32: RMA | U32: =TRIM(D32) -> Plastic Paint-Option | V32: =IF(U32="Seat-Option",LEFT(I32,18),TRIM(I32)) -> KIT_PNT_V2S_SMG6204Z | W32: 0 | X32: 0 | AA32: =IF(W32="GU","USD","THB") -> THB | AB32: =IF(AA32="THB",AB$5,1) -> 32.1892 | AC32: =Z32/AB32 -> 0 | AD32: =L32 -> 1 | AE32: =AC32*AD32 -> 0 | AH32: =AD32 -> 1 | AI32: =AG32*AH32 -> 0
A33: 27 | B33: 2.01 | D33: Plastic Paint-Option | F33: 2 | G33: Make | H33: Each | I33: F0102089003PSMG6204Z | J33: =IF(LEFT(I33,2)="CO",I33,IF(LEFT(I33,2)="54","HT"&I33,IF(LEFT(I33,2)="KI","KT_"&MID(I33,5,24),IF(P33="THB","GT"&I33,IF(P33="USD","GU"&I33,IF(P33="CNY","GC"&I33)))))) -> GTF0102089003PSMG6204Z | K33: FRT COVER PAINT[D-BLU] | L33: 1 | M33: RMA | N33: P0001 | O33: Main Parts Supplier Template | P33: THB | U33: =TRIM(D33) -> Plastic Paint-Option | V33: =IF(U33="Seat-Option",LEFT(I33,18),TRIM(I33)) -> F0102089003PSMG6204Z | W33: GT | X33: Local parts | AA33: =IF(W33="GU","USD","THB") -> THB | AB33: =IF(AA33="THB",AB$5,1) -> 32.1892 | AC33: =Z33/AB33 -> 0 | AD33: =L33 -> 1 | AE33: =AC33*AD33 -> 0 | AH33: =AD33 -> 1 | AI33: =AG33*AH33 -> 0
A34: 28 | B34: 2.02 | D34: Plastic Paint-Option | F34: 3 | G34: Buy | H34: Each | I34: P-F0102089003SMG6204Z | J34: =IF(LEFT(I34,2)="CO",I34,IF(LEFT(I34,2)="54","HT"&I34,IF(LEFT(I34,2)="KI","KT_"&MID(I34,5,24),IF(P34="THB","GT"&I34,IF(P34="USD","GU"&I34,IF(P34="CNY","GC"&I34)))))) -> GTP-F0102089003SMG6204Z | K34: PAINT PROCESS FRT COVER[D-BLU- SMG6204] | L34: 1 | M34: RMA | N34: P0001 | O34: Main Parts Supplier Template | P34: THB | R34: Non-specific supplier | U34: =TRIM(D34) -> Plastic Paint-Option | V34: =IF(U34="Seat-Option",LEFT(I34,18),TRIM(I34)) -> P-F0102089003SMG6204Z | W34: GT | X34: Local parts | AA34: =IF(W34="GU","USD","THB") -> THB | AB34: =IF(AA34="THB",AB$5,1) -> 32.1892 | AC34: =Z34/AB34 -> 0 | AD34: =L34 -> 1 | AE34: =AC34*AD34 -> 0 | AH34: =AD34 -> 1 | AI34: =AG34*AH34 -> 0
A35: 29 | B35: 2.03 | D35: Plastic | F35: 3 | G35: Buy | H35: Each | I35: F0102089003 | J35: =IF(LEFT(I35,2)="CO",I35,IF(LEFT(I35,2)="54","HT"&I35,IF(LEFT(I35,2)="KI","KT_"&MID(I35,5,24),IF(P35="THB","GT"&I35,IF(P35="USD","GU"&I35,IF(P35="CNY","GC"&I35)))))) -> GTF0102089003 | K35: FRT COVER | L35: 1 | M35: RMA | N35: P0238 | O35: 687 Plastic and Mold Co.,Ltd. | P35: THB | U35: =TRIM(D35) -> Plastic | V35: =IF(U35="Seat-Option",LEFT(I35,18),TRIM(I35)) -> F0102089003 | W35: GT | X35: Local parts | AA35: =IF(W35="GU","USD","THB") -> THB | AB35: =IF(AA35="THB",AB$5,1) -> 32.1892 | AC35: =Z35/AB35 -> 0 | AD35: =L35 -> 1 | AE35: =AC35*AD35 -> 0 | AH35: =AD35 -> 1 | AI35: =AG35*AH35 -> 0
A36: 30 | B36: 2.04 | D36: Plastic Paint-Option | F36: 2 | G36: Make | H36: Each | I36: F0102089006PSMG6204Z | J36: =IF(LEFT(I36,2)="CO",I36,IF(LEFT(I36,2)="54","HT"&I36,IF(LEFT(I36,2)="KI","KT_"&MID(I36,5,24),IF(P36="THB","GT"&I36,IF(P36="USD","GU"&I36,IF(P36="CNY","GC"&I36)))))) -> GTF0102089006PSMG6204Z | K36: FRT STORAGE COVER PAINT[D-BLU] | L36: 1 | M36: RMA | N36: P0001 | O36: Main Parts Supplier Template | P36: THB | U36: =TRIM(D36) -> Plastic Paint-Option | V36: =IF(U36="Seat-Option",LEFT(I36,18),TRIM(I36)) -> F0102089006PSMG6204Z | W36: GT | X36: Local parts | AA36: =IF(W36="GU","USD","THB") -> THB | AB36: =IF(AA36="THB",AB$5,1) -> 32.1892 | AC36: =Z36/AB36 -> 0 | AD36: =L36 -> 1 | AE36: =AC36*AD36 -> 0 | AH36: =AD36 -> 1 | AI36: =AG36*AH36 -> 0
A37: 31 | B37: 2.05 | D37: Plastic Paint-Option | F37: 3 | G37: Buy | H37: Each | I37: P-F0102089006SMG6204Z | J37: =IF(LEFT(I37,2)="CO",I37,IF(LEFT(I37,2)="54","HT"&I37,IF(LEFT(I37,2)="KI","KT_"&MID(I37,5,24),IF(P37="THB","GT"&I37,IF(P37="USD","GU"&I37,IF(P37="CNY","GC"&I37)))))) -> GTP-F0102089006SMG6204Z | K37: PAINT FRT STORAGE COVER[D-BLU- SMG6204] | L37: 1 | M37: RMA | N37: P0001 | O37: Main Parts Supplier Template | P37: THB | R37: Non-specific supplier | U37: =TRIM(D37) -> Plastic Paint-Option | V37: =IF(U37="Seat-Option",LEFT(I37,18),TRIM(I37)) -> P-F0102089006SMG6204Z | W37: GT | X37: Local parts | AA37: =IF(W37="GU","USD","THB") -> THB | AB37: =IF(AA37="THB",AB$5,1) -> 32.1892 | AC37: =Z37/AB37 -> 0 | AD37: =L37 -> 1 | AE37: =AC37*AD37 -> 0 | AH37: =AD37 -> 1 | AI37: =AG37*AH37 -> 0
A38: 32 | B38: 2.06 | D38: Plastic | F38: 3 | G38: Buy | H38: Each | I38: F0102089006 | J38: =IF(LEFT(I38,2)="CO",I38,IF(LEFT(I38,2)="54","HT"&I38,IF(LEFT(I38,2)="KI","KT_"&MID(I38,5,24),IF(P38="THB","GT"&I38,IF(P38="USD","GU"&I38,IF(P38="CNY","GC"&I38)))))) -> GTF0102089006 | K38: FRT STORAGE COMPARTMENT COVER | L38: 1 | M38: RMA | N38: T0255 | O38: Tayih Kenmos Autoparts Co.,Ltd. | P38: THB | U38: =TRIM(D38) -> Plastic | V38: =IF(U38="Seat-Option",LEFT(I38,18),TRIM(I38)) -> F0102089006 | W38: GT | X38: Local parts | AA38: =IF(W38="GU","USD","THB") -> THB | AB38: =IF(AA38="THB",AB$5,1) -> 32.1892 | AC38: =Z38/AB38 -> 0 | AD38: =L38 -> 1 | AE38: =AC38*AD38 -> 0 | AH38: =AD38 -> 1 | AI38: =AG38*AH38 -> 0
A39: 33 | B39: 2.07 | D39: Plastic Paint-Option | F39: 2 | G39: Make | H39: Each | I39: F0102089013PSMG6204Z | J39: =IF(LEFT(I39,2)="CO",I39,IF(LEFT(I39,2)="54","HT"&I39,IF(LEFT(I39,2)="KI","KT_"&MID(I39,5,24),IF(P39="THB","GT"&I39,IF(P39="USD","GU"&I39,IF(P39="CNY","GC"&I39)))))) -> GTF0102089013PSMG6204Z | K39: FRT BUMPER DECO PART 1 PAINT[D-BLU] | L39: 1 | M39: RMA | N39: P0001 | O39: Main Parts Supplier Template | P39: THB | U39: =TRIM(D39) -> Plastic Paint-Option | V39: =IF(U39="Seat-Option",LEFT(I39,18),TRIM(I39)) -> F0102089013PSMG6204Z | W39: GT | X39: Local parts | AA39: =IF(W39="GU","USD","THB") -> THB | AB39: =IF(AA39="THB",AB$5,1) -> 32.1892 | AC39: =Z39/AB39 -> 0 | AD39: =L39 -> 1 | AE39: =AC39*AD39 -> 0 | AH39: =AD39 -> 1 | AI39: =AG39*AH39 -> 0
A40: 34 | B40: 2.08 | D40: Plastic Paint-Option | F40: 3 | G40: Buy | H40: Each | I40: P-F0102089013SMG6204Z | J40: =IF(LEFT(I40,2)="CO",I40,IF(LEFT(I40,2)="54","HT"&I40,IF(LEFT(I40,2)="KI","KT_"&MID(I40,5,24),IF(P40="THB","GT"&I40,IF(P40="USD","GU"&I40,IF(P40="CNY","GC"&I40)))))) -> GTP-F0102089013SMG6204Z | K40: PAINT FRT BUMPER DECO 1[D-BLU- SMG6204] | L40: 1 | M40: RMA | N40: P0001 | O40: Main Parts Supplier Template | P40: THB | R40: Non-specific supplier | U40: =TRIM(D40) -> Plastic Paint-Option | V40: =IF(U40="Seat-Option",LEFT(I40,18),TRIM(I40)) -> P-F0102089013SMG6204Z | W40: GT | X40: Local parts | AA40: =IF(W40="GU","USD","THB") -> THB | AB40: =IF(AA40="THB",AB$5,1) -> 32.1892 | AC40: =Z40/AB40 -> 0 | AD40: =L40 -> 1 | AE40: =AC40*AD40 -> 0 | AH40: =AD40 -> 1 | AI40: =AG40*AH40 -> 0
A41: 35 | B41: 2.09 | D41: Plastic | F41: 3 | G41: Buy | H41: Each | I41: F0102089013 | J41: =IF(LEFT(I41,2)="CO",I41,IF(LEFT(I41,2)="54","HT"&I41,IF(LEFT(I41,2)="KI","KT_"&MID(I41,5,24),IF(P41="THB","GT"&I41,IF(P41="USD","GU"&I41,IF(P41="CNY","GC"&I41)))))) -> GTF0102089013 | K41: FRT BUMPER DECO PART 1 | L41: 1 | M41: RMA | N41: S0403 | O41: Sombat Plastic Co.,Ltd. | P41: THB | U41: =TRIM(D41) -> Plastic | V41: =IF(U41="Seat-Option",LEFT(I41,18),TRIM(I41)) -> F0102089013 | W41: GT | X41: Local parts | AA41: =IF(W41="GU","USD","THB") -> THB | AB41: =IF(AA41="THB",AB$5,1) -> 32.1892 | AC41: =Z41/AB41 -> 0 | AD41: =L41 -> 1 | AE41: =AC41*AD41 -> 0 | AH41: =AD41 -> 1 | AI41: =AG41*AH41 -> 0
A42: 36 | B42: 2.1 | D42: Plastic Paint-Option | F42: 2 | G42: Make | H42: Each | I42: F0102089037PSMG6204Z | J42: =IF(LEFT(I42,2)="CO",I42,IF(LEFT(I42,2)="54","HT"&I42,IF(LEFT(I42,2)="KI","KT_"&MID(I42,5,24),IF(P42="THB","GT"&I42,IF(P42="USD","GU"&I42,IF(P42="CNY","GC"&I42)))))) -> GTF0102089037PSMG6204Z | K42: INSTR PANEL DECO STRIP L PAINT[D-BLU] | L42: 1 | M42: RMA | N42: P0001 | O42: Main Parts Supplier Template | P42: THB | U42: =TRIM(D42) -> Plastic Paint-Option | V42: =IF(U42="Seat-Option",LEFT(I42,18),TRIM(I42)) -> F0102089037PSMG6204Z | W42: GT | X42: Local parts | AA42: =IF(W42="GU","USD","THB") -> THB | AB42: =IF(AA42="THB",AB$5,1) -> 32.1892 | AC42: =Z42/AB42 -> 0 | AD42: =L42 -> 1 | AE42: =AC42*AD42 -> 0 | AH42: =AD42 -> 1 | AI42: =AG42*AH42 -> 0
A43: 37 | B43: 2.11 | D43: Plastic Paint-Option | F43: 3 | G43: Buy | H43: Each | I43: P-F0102089037SMG6204Z | J43: =IF(LEFT(I43,2)="CO",I43,IF(LEFT(I43,2)="54","HT"&I43,IF(LEFT(I43,2)="KI","KT_"&MID(I43,5,24),IF(P43="THB","GT"&I43,IF(P43="USD","GU"&I43,IF(P43="CNY","GC"&I43)))))) -> GTP-F0102089037SMG6204Z | K43: PAINT IP DECO STRIP L[D-BLU- SMG6204] | L43: 1 | M43: RMA | N43: P0001 | O43: Main Parts Supplier Template | P43: THB | R43: Non-specific supplier | U43: =TRIM(D43) -> Plastic Paint-Option | V43: =IF(U43="Seat-Option",LEFT(I43,18),TRIM(I43)) -> P-F0102089037SMG6204Z | W43: GT | X43: Local parts | AA43: =IF(W43="GU","USD","THB") -> THB | AB43: =IF(AA43="THB",AB$5,1) -> 32.1892 | AC43: =Z43/AB43 -> 0 | AD43: =L43 -> 1 | AE43: =AC43*AD43 -> 0 | AH43: =AD43 -> 1 | AI43: =AG43*AH43 -> 0
A44: 38 | B44: 2.12 | D44: Plastic | F44: 3 | G44: Buy | H44: Each | I44: F0102089037 | J44: =IF(LEFT(I44,2)="CO",I44,IF(LEFT(I44,2)="54","HT"&I44,IF(LEFT(I44,2)="KI","KT_"&MID(I44,5,24),IF(P44="THB","GT"&I44,IF(P44="USD","GU"&I44,IF(P44="CNY","GC"&I44)))))) -> GTF0102089037 | K44: INSTR PANEL DECO STRIP L | L44: 1 | M44: RMA | N44: J0019 | O44: J.V. (Thailand) Co.,Ltd. | P44: THB | U44: =TRIM(D44) -> Plastic | V44: =IF(U44="Seat-Option",LEFT(I44,18),TRIM(I44)) -> F0102089037 | W44: GT | X44: Local parts | AA44: =IF(W44="GU","USD","THB") -> THB | AB44: =IF(AA44="THB",AB$5,1) -> 32.1892 | AC44: =Z44/AB44 -> 0 | AD44: =L44 -> 1 | AE44: =AC44*AD44 -> 0 | AH44: =AD44 -> 1 | AI44: =AG44*AH44 -> 0
A45: 39 | B45: 2.13 | D45: Plastic Paint-Option | F45: 2 | G45: Make | H45: Each | I45: F0102089038PSMG6204Z | J45: =IF(LEFT(I45,2)="CO",I45,IF(LEFT(I45,2)="54","HT"&I45,IF(LEFT(I45,2)="KI","KT_"&MID(I45,5,24),IF(P45="THB","GT"&I45,IF(P45="USD","GU"&I45,IF(P45="CNY","GC"&I45)))))) -> GTF0102089038PSMG6204Z | K45: INSTR PANEL DECO STRIP R PAINT[D-BLU] | L45: 1 | M45: RMA | N45: P0001 | O45: Main Parts Supplier Template | P45: THB | U45: =TRIM(D45) -> Plastic Paint-Option | V45: =IF(U45="Seat-Option",LEFT(I45,18),TRIM(I45)) -> F0102089038PSMG6204Z | W45: GT | X45: Local parts | AA45: =IF(W45="GU","USD","THB") -> THB | AB45: =IF(AA45="THB",AB$5,1) -> 32.1892 | AC45: =Z45/AB45 -> 0 | AD45: =L45 -> 1 | AE45: =AC45*AD45 -> 0 | AH45: =AD45 -> 1 | AI45: =AG45*AH45 -> 0
A46: 40 | B46: 2.14 | D46: Plastic Paint-Option | F46: 3 | G46: Buy | H46: Each | I46: P-F0102089038SMG6204Z | J46: =IF(LEFT(I46,2)="CO",I46,IF(LEFT(I46,2)="54","HT"&I46,IF(LEFT(I46,2)="KI","KT_"&MID(I46,5,24),IF(P46="THB","GT"&I46,IF(P46="USD","GU"&I46,IF(P46="CNY","GC"&I46)))))) -> GTP-F0102089038SMG6204Z | K46: PAINT IP DECO STRIP R[D-BLU- SMG6204] | L46: 1 | M46: RMA | N46: P0001 | O46: Main Parts Supplier Template | P46: THB | R46: Non-specific supplier | U46: =TRIM(D46) -> Plastic Paint-Option | V46: =IF(U46="Seat-Option",LEFT(I46,18),TRIM(I46)) -> P-F0102089038SMG6204Z | W46: GT | X46: Local parts | AA46: =IF(W46="GU","USD","THB") -> THB | AB46: =IF(AA46="THB",AB$5,1) -> 32.1892 | AC46: =Z46/AB46 -> 0 | AD46: =L46 -> 1 | AE46: =AC46*AD46 -> 0 | AH46: =AD46 -> 1 | AI46: =AG46*AH46 -> 0
A47: 41 | B47: 2.15 | D47: Plastic | F47: 3 | G47: Buy | H47: Each | I47: F0102089038 | J47: =IF(LEFT(I47,2)="CO",I47,IF(LEFT(I47,2)="54","HT"&I47,IF(LEFT(I47,2)="KI","KT_"&MID(I47,5,24),IF(P47="THB","GT"&I47,IF(P47="USD","GU"&I47,IF(P47="CNY","GC"&I47)))))) -> GTF0102089038 | K47: INSTR PANEL DECO STRIP R | L47: 1 | M47: RMA | N47: J0019 | O47: J.V. (Thailand) Co.,Ltd. | P47: THB | U47: =TRIM(D47) -> Plastic | V47: =IF(U47="Seat-Option",LEFT(I47,18),TRIM(I47)) -> F0102089038 | W47: GT | X47: Local parts | AA47: =IF(W47="GU","USD","THB") -> THB | AB47: =IF(AA47="THB",AB$5,1) -> 32.1892 | AC47: =Z47/AB47 -> 0 | AD47: =L47 -> 1 | AE47: =AC47*AD47 -> 0 | AH47: =AD47 -> 1 | AI47: =AG47*AH47 -> 0
A48: 42 | B48: 2.16 | D48: Plastic Paint-Option | F48: 2 | G48: Make | H48: Each | I48: F0102089047PSMG6204Z | J48: =IF(LEFT(I48,2)="CO",I48,IF(LEFT(I48,2)="54","HT"&I48,IF(LEFT(I48,2)="KI","KT_"&MID(I48,5,24),IF(P48="THB","GT"&I48,IF(P48="USD","GU"&I48,IF(P48="CNY","GC"&I48)))))) -> GTF0102089047PSMG6204Z | K48: MIDDLE SEAT BUCKET PAINT[D-BLU] | L48: 1 | M48: RMA | N48: P0001 | O48: Main Parts Supplier Template | P48: THB | U48: =TRIM(D48) -> Plastic Paint-Option | V48: =IF(U48="Seat-Option",LEFT(I48,18),TRIM(I48)) -> F0102089047PSMG6204Z | W48: GT | X48: Local parts | AA48: =IF(W48="GU","USD","THB") -> THB | AB48: =IF(AA48="THB",AB$5,1) -> 32.1892 | AC48: =Z48/AB48 -> 0 | AD48: =L48 -> 1 | AE48: =AC48*AD48 -> 0 | AH48: =AD48 -> 1 | AI48: =AG48*AH48 -> 0
A49: 43 | B49: 2.17 | D49: Plastic Paint-Option | F49: 3 | G49: Buy | H49: Each | I49: P-F0102089047SMG6204Z | J49: =IF(LEFT(I49,2)="CO",I49,IF(LEFT(I49,2)="54","HT"&I49,IF(LEFT(I49,2)="KI","KT_"&MID(I49,5,24),IF(P49="THB","GT"&I49,IF(P49="USD","GU"&I49,IF(P49="CNY","GC"&I49)))))) -> GTP-F0102089047SMG6204Z | K49: PAINT MID SEAT BUCKET[D-BLU- SMG6204] | L49: 1 | M49: RMA | N49: P0001 | O49: Main Parts Supplier Template | P49: THB | R49: Non-specific supplier | U49: =TRIM(D49) -> Plastic Paint-Option | V49: =IF(U49="Seat-Option",LEFT(I49,18),TRIM(I49)) -> P-F0102089047SMG6204Z | W49: GT | X49: Local parts | AA49: =IF(W49="GU","USD","THB") -> THB | AB49: =IF(AA49="THB",AB$5,1) -> 32.1892 | AC49: =Z49/AB49 -> 0 | AD49: =L49 -> 1 | AE49: =AC49*AD49 -> 0 | AH49: =AD49 -> 1 | AI49: =AG49*AH49 -> 0
A50: 44 | B50: 2.18 | D50: Plastic | F50: 3 | G50: Buy | H50: Each | I50: F0102089047 | J50: =IF(LEFT(I50,2)="CO",I50,IF(LEFT(I50,2)="54","HT"&I50,IF(LEFT(I50,2)="KI","KT_"&MID(I50,5,24),IF(P50="THB","GT"&I50,IF(P50="USD","GU"&I50,IF(P50="CNY","GC"&I50)))))) -> GUF0102089047 | K50: MIDDLE SEAT BUCKET | L50: 1 | M50: RMA | N50: Y0030 | O50: Yangzhou Wev International Trade Co.,Ltd. | P50: USD | U50: =TRIM(D50) -> Plastic | V50: =IF(U50="Seat-Option",LEFT(I50,18),TRIM(I50)) -> F0102089047 | W50: GU | X50: Oversea-WEV | AA50: =IF(W50="GU","USD","THB") -> USD | AB50: =IF(AA50="THB",AB$5,1) -> 1 | AC50: =Z50/AB50 -> 0 | AD50: =L50 -> 1 | AE50: =AC50*AD50 -> 0 | AH50: =AD50 -> 1 | AI50: =AG50*AH50 -> 0
A51: 45 | B51: 2.19 | D51: Plastic Paint-Option | F51: 2 | G51: Make | H51: Each | I51: F0102089050PSMG6204Z | J51: =IF(LEFT(I51,2)="CO",I51,IF(LEFT(I51,2)="54","HT"&I51,IF(LEFT(I51,2)="KI","KT_"&MID(I51,5,24),IF(P51="THB","GT"&I51,IF(P51="USD","GU"&I51,IF(P51="CNY","GC"&I51)))))) -> GTF0102089050PSMG6204Z | K51: RR COVER PAINT[D-BLU] | L51: 1 | M51: RMA | N51: P0001 | O51: Main Parts Supplier Template | P51: THB | U51: =TRIM(D51) -> Plastic Paint-Option | V51: =IF(U51="Seat-Option",LEFT(I51,18),TRIM(I51)) -> F0102089050PSMG6204Z | W51: GT | X51: Local parts | AA51: =IF(W51="GU","USD","THB") -> THB | AB51: =IF(AA51="THB",AB$5,1) -> 32.1892 | AC51: =Z51/AB51 -> 0 | AD51: =L51 -> 1 | AE51: =AC51*AD51 -> 0 | AH51: =AD51 -> 1 | AI51: =AG51*AH51 -> 0
A52: 46 | B52: 2.2 | D52: Plastic Paint-Option | F52: 3 | G52: Buy | H52: Each | I52: P-F0102089050SMG6204Z | J52: =IF(LEFT(I52,2)="CO",I52,IF(LEFT(I52,2)="54","HT"&I52,IF(LEFT(I52,2)="KI","KT_"&MID(I52,5,24),IF(P52="THB","GT"&I52,IF(P52="USD","GU"&I52,IF(P52="CNY","GC"&I52)))))) -> GTP-F0102089050SMG6204Z | K52: PAINT PROCESS RR COVER[D-BLU- SMG6204] | L52: 1 | M52: RMA | N52: P0001 | O52: Main Parts Supplier Template | P52: THB | R52: Non-specific supplier | U52: =TRIM(D52) -> Plastic Paint-Option | V52: =IF(U52="Seat-Option",LEFT(I52,18),TRIM(I52)) -> P-F0102089050SMG6204Z | W52: GT | X52: Local parts | AA52: =IF(W52="GU","USD","THB") -> THB | AB52: =IF(AA52="THB",AB$5,1) -> 32.1892 | AC52: =Z52/AB52 -> 0 | AD52: =L52 -> 1 | AE52: =AC52*AD52 -> 0 | AH52: =AD52 -> 1 | AI52: =AG52*AH52 -> 0
A53: 47 | B53: 2.21 | D53: Plastic | F53: 3 | G53: Buy | H53: Each | I53: F0102089050 | J53: =IF(LEFT(I53,2)="CO",I53,IF(LEFT(I53,2)="54","HT"&I53,IF(LEFT(I53,2)="KI","KT_"&MID(I53,5,24),IF(P53="THB","GT"&I53,IF(P53="USD","GU"&I53,IF(P53="CNY","GC"&I53)))))) -> GUF0102089050 | K53: RR COVER | L53: 1 | M53: RMA | N53: Y0030 | O53: Yangzhou Wev International Trade Co.,Ltd. | P53: USD | U53: =TRIM(D53) -> Plastic | V53: =IF(U53="Seat-Option",LEFT(I53,18),TRIM(I53)) -> F0102089050 | W53: GU | X53: Oversea-WEV | AA53: =IF(W53="GU","USD","THB") -> USD | AB53: =IF(AA53="THB",AB$5,1) -> 1 | AC53: =Z53/AB53 -> 0 | AD53: =L53 -> 1 | AE53: =AC53*AD53 -> 0 | AH53: =AD53 -> 1 | AI53: =AG53*AH53 -> 0
A54: 48 | B54: 2.22 | D54: Plastic Paint-Option | F54: 2 | G54: Make | H54: Each | I54: F0102081005PSMG6204Z | J54: =IF(LEFT(I54,2)="CO",I54,IF(LEFT(I54,2)="54","HT"&I54,IF(LEFT(I54,2)="KI","KT_"&MID(I54,5,24),IF(P54="THB","GT"&I54,IF(P54="USD","GU"&I54,IF(P54="CNY","GC"&I54)))))) -> GTF0102081005PSMG6204Z | K54: 4-SEAT MOLDED ROOF PAINT[D-BLU] | L54: 1 | M54: RMA | N54: P0001 | O54: Main Parts Supplier Template | P54: THB | U54: =TRIM(D54) -> Plastic Paint-Option | V54: =IF(U54="Seat-Option",LEFT(I54,18),TRIM(I54)) -> F0102081005PSMG6204Z | W54: GT | X54: Local parts | AA54: =IF(W54="GU","USD","THB") -> THB | AB54: =IF(AA54="THB",AB$5,1) -> 32.1892 | AC54: =Z54/AB54 -> 0 | AD54: =L54 -> 1 | AE54: =AC54*AD54 -> 0 | AH54: =AD54 -> 1 | AI54: =AG54*AH54 -> 0
A55: 49 | B55: 2.23 | D55: Plastic Paint-Option | F55: 3 | G55: Buy | H55: Each | I55: P-F0102081005SMG6204Z | J55: =IF(LEFT(I55,2)="CO",I55,IF(LEFT(I55,2)="54","HT"&I55,IF(LEFT(I55,2)="KI","KT_"&MID(I55,5,24),IF(P55="THB","GT"&I55,IF(P55="USD","GU"&I55,IF(P55="CNY","GC"&I55)))))) -> GTP-F0102081005SMG6204Z | K55: PAINT 4-SEAT ROOF[D-BLU- SMG6204] | L55: 1 | M55: RMA | N55: P0001 | O55: Main Parts Supplier Template | P55: THB | R55: Non-specific supplier | U55: =TRIM(D55) -> Plastic Paint-Option | V55: =IF(U55="Seat-Option",LEFT(I55,18),TRIM(I55)) -> P-F0102081005SMG6204Z | W55: GT | X55: Local parts | AA55: =IF(W55="GU","USD","THB") -> THB | AB55: =IF(AA55="THB",AB$5,1) -> 32.1892 | AC55: =Z55/AB55 -> 0 | AD55: =L55 -> 1 | AE55: =AC55*AD55 -> 0 | AH55: =AD55 -> 1 | AI55: =AG55*AH55 -> 0
A56: 50 | B56: 2.24 | D56: Plastic | F56: 3 | G56: Buy | H56: Each | I56: F0102081005 | J56: =IF(LEFT(I56,2)="CO",I56,IF(LEFT(I56,2)="54","HT"&I56,IF(LEFT(I56,2)="KI","KT_"&MID(I56,5,24),IF(P56="THB","GT"&I56,IF(P56="USD","GU"&I56,IF(P56="CNY","GC"&I56)))))) -> GUF0102081005 | K56: 4-SEAT MOLDED ROOF | L56: 1 | M56: RMA | N56: Y0030 | O56: Yangzhou Wev International Trade Co.,Ltd. | P56: USD | U56: =TRIM(D56) -> Plastic | V56: =IF(U56="Seat-Option",LEFT(I56,18),TRIM(I56)) -> F0102081005 | W56: GU | X56: Oversea-WEV | AA56: =IF(W56="GU","USD","THB") -> USD | AB56: =IF(AA56="THB",AB$5,1) -> 1 | AC56: =Z56/AB56 -> 0 | AD56: =L56 -> 1 | AE56: =AC56*AD56 -> 0 | AH56: =AD56 -> 1 | AI56: =AG56*AH56 -> 0
A57: 51 | B57: 3 | D57: Plastic Paint-Option | F57: 1 | G57: Non Buy | H57: Set | I57: KIT_PNT_V2S_SMG7021Z | J57: =IF(LEFT(I57,2)="CO",I57,IF(LEFT(I57,2)="54","HT"&I57,IF(LEFT(I57,2)="KI","KT_"&MID(I57,5,24),IF(P57="THB","GT"&I57,IF(P57="USD","GU"&I57,IF(P57="CNY","GC"&I57)))))) -> KT_PNT_V2S_SMG7021Z | K57: BODY PLASTIC W/PAINT[BLK] | L57: 1 | M57: RMA | U57: =TRIM(D57) -> Plastic Paint-Option | V57: =IF(U57="Seat-Option",LEFT(I57,18),TRIM(I57)) -> KIT_PNT_V2S_SMG7021Z | W57: 0 | X57: 0 | AA57: =IF(W57="GU","USD","THB") -> THB | AB57: =IF(AA57="THB",AB$5,1) -> 32.1892 | AC57: =Z57/AB57 -> 0 | AD57: =L57 -> 1 | AE57: =AC57*AD57 -> 0 | AH57: =AD57 -> 1 | AI57: =AG57*AH57 -> 0
A58: 52 | B58: 3.01 | D58: Plastic Paint-Option | F58: 2 | G58: Make | H58: Each | I58: F0102089003PSMG7021Z | J58: =IF(LEFT(I58,2)="CO",I58,IF(LEFT(I58,2)="54","HT"&I58,IF(LEFT(I58,2)="KI","KT_"&MID(I58,5,24),IF(P58="THB","GT"&I58,IF(P58="USD","GU"&I58,IF(P58="CNY","GC"&I58)))))) -> GTF0102089003PSMG7021Z | K58: FRT COVER PAINT[BLK] | L58: 1 | M58: RMA | N58: P0001 | O58: Main Parts Supplier Template | P58: THB | U58: =TRIM(D58) -> Plastic Paint-Option | V58: =IF(U58="Seat-Option",LEFT(I58,18),TRIM(I58)) -> F0102089003PSMG7021Z | W58: GT | X58: Local parts | AA58: =IF(W58="GU","USD","THB") -> THB | AB58: =IF(AA58="THB",AB$5,1) -> 32.1892 | AC58: =Z58/AB58 -> 0 | AD58: =L58 -> 1 | AE58: =AC58*AD58 -> 0 | AH58: =AD58 -> 1 | AI58: =AG58*AH58 -> 0
A59: 53 | B59: 3.02 | D59: Plastic Paint-Option | F59: 3 | G59: Buy | H59: Each | I59: P-F0102089003SMG7021Z | J59: =IF(LEFT(I59,2)="CO",I59,IF(LEFT(I59,2)="54","HT"&I59,IF(LEFT(I59,2)="KI","KT_"&MID(I59,5,24),IF(P59="THB","GT"&I59,IF(P59="USD","GU"&I59,IF(P59="CNY","GC"&I59)))))) -> GTP-F0102089003SMG7021Z | K59: PAINT PROCESS FRT COVER[BLK- SMG7021] | L59: 1 | M59: RMA | N59: P0001 | O59: Main Parts Supplier Template | P59: THB | R59: Non-specific supplier | U59: =TRIM(D59) -> Plastic Paint-Option | V59: =IF(U59="Seat-Option",LEFT(I59,18),TRIM(I59)) -> P-F0102089003SMG7021Z | W59: GT | X59: Local parts | AA59: =IF(W59="GU","USD","THB") -> THB | AB59: =IF(AA59="THB",AB$5,1) -> 32.1892 | AC59: =Z59/AB59 -> 0 | AD59: =L59 -> 1 | AE59: =AC59*AD59 -> 0 | AH59: =AD59 -> 1 | AI59: =AG59*AH59 -> 0
A60: 54 | B60: 3.03 | D60: Plastic | F60: 3 | G60: Buy | H60: Each | I60: F0102089003 | J60: =IF(LEFT(I60,2)="CO",I60,IF(LEFT(I60,2)="54","HT"&I60,IF(LEFT(I60,2)="KI","KT_"&MID(I60,5,24),IF(P60="THB","GT"&I60,IF(P60="USD","GU"&I60,IF(P60="CNY","GC"&I60)))))) -> GTF0102089003 | K60: FRT COVER | L60: 1 | M60: RMA | N60: P0238 | O60: 687 Plastic and Mold Co.,Ltd. | P60: THB | U60: =TRIM(D60) -> Plastic | V60: =IF(U60="Seat-Option",LEFT(I60,18),TRIM(I60)) -> F0102089003 | W60: GT | X60: Local parts | AA60: =IF(W60="GU","USD","THB") -> THB | AB60: =IF(AA60="THB",AB$5,1) -> 32.1892 | AC60: =Z60/AB60 -> 0 | AD60: =L60 -> 1 | AE60: =AC60*AD60 -> 0 | AH60: =AD60 -> 1 | AI60: =AG60*AH60 -> 0
A61: 55 | B61: 3.04 | D61: Plastic Paint-Option | F61: 2 | G61: Make | H61: Each | I61: F0102089006PSMG7021Z | J61: =IF(LEFT(I61,2)="CO",I61,IF(LEFT(I61,2)="54","HT"&I61,IF(LEFT(I61,2)="KI","KT_"&MID(I61,5,24),IF(P61="THB","GT"&I61,IF(P61="USD","GU"&I61,IF(P61="CNY","GC"&I61)))))) -> GTF0102089006PSMG7021Z | K61: FRT STORAGE COVER PAINT[BLK] | L61: 1 | M61: RMA | N61: P0001 | O61: Main Parts Supplier Template | P61: THB | U61: =TRIM(D61) -> Plastic Paint-Option | V61: =IF(U61="Seat-Option",LEFT(I61,18),TRIM(I61)) -> F0102089006PSMG7021Z | W61: GT | X61: Local parts | AA61: =IF(W61="GU","USD","THB") -> THB | AB61: =IF(AA61="THB",AB$5,1) -> 32.1892 | AC61: =Z61/AB61 -> 0 | AD61: =L61 -> 1 | AE61: =AC61*AD61 -> 0 | AH61: =AD61 -> 1 | AI61: =AG61*AH61 -> 0
A62: 56 | B62: 3.05 | D62: Plastic Paint-Option | F62: 3 | G62: Buy | H62: Each | I62: P-F0102089006SMG7021Z | J62: =IF(LEFT(I62,2)="CO",I62,IF(LEFT(I62,2)="54","HT"&I62,IF(LEFT(I62,2)="KI","KT_"&MID(I62,5,24),IF(P62="THB","GT"&I62,IF(P62="USD","GU"&I62,IF(P62="CNY","GC"&I62)))))) -> GTP-F0102089006SMG7021Z | K62: PAINT FRT STORAGE COVER[BLK- SMG7021] | L62: 1 | M62: RMA | N62: P0001 | O62: Main Parts Supplier Template | P62: THB | R62: Non-specific supplier | U62: =TRIM(D62) -> Plastic Paint-Option | V62: =IF(U62="Seat-Option",LEFT(I62,18),TRIM(I62)) -> P-F0102089006SMG7021Z | W62: GT | X62: Local parts | AA62: =IF(W62="GU","USD","THB") -> THB | AB62: =IF(AA62="THB",AB$5,1) -> 32.1892 | AC62: =Z62/AB62 -> 0 | AD62: =L62 -> 1 | AE62: =AC62*AD62 -> 0 | AH62: =AD62 -> 1 | AI62: =AG62*AH62 -> 0
A63: 57 | B63: 3.06 | D63: Plastic | F63: 3 | G63: Buy | H63: Each | I63: F0102089006 | J63: =IF(LEFT(I63,2)="CO",I63,IF(LEFT(I63,2)="54","HT"&I63,IF(LEFT(I63,2)="KI","KT_"&MID(I63,5,24),IF(P63="THB","GT"&I63,IF(P63="USD","GU"&I63,IF(P63="CNY","GC"&I63)))))) -> GTF0102089006 | K63: FRT STORAGE COMPARTMENT COVER | L63: 1 | M63: RMA | N63: T0255 | O63: Tayih Kenmos Autoparts Co.,Ltd. | P63: THB | U63: =TRIM(D63) -> Plastic | V63: =IF(U63="Seat-Option",LEFT(I63,18),TRIM(I63)) -> F0102089006 | W63: GT | X63: Local parts | AA63: =IF(W63="GU","USD","THB") -> THB | AB63: =IF(AA63="THB",AB$5,1) -> 32.1892 | AC63: =Z63/AB63 -> 0 | AD63: =L63 -> 1 | AE63: =AC63*AD63 -> 0 | AH63: =AD63 -> 1 | AI63: =AG63*AH63 -> 0
A64: 58 | B64: 3.07 | D64: Plastic Paint-Option | F64: 2 | G64: Make | H64: Each | I64: F0102089013PSMG7021Z | J64: =IF(LEFT(I64,2)="CO",I64,IF(LEFT(I64,2)="54","HT"&I64,IF(LEFT(I64,2)="KI","KT_"&MID(I64,5,24),IF(P64="THB","GT"&I64,IF(P64="USD","GU"&I64,IF(P64="CNY","GC"&I64)))))) -> GTF0102089013PSMG7021Z | K64: FRT BUMPER DECO PART 1 PAINT[BLK] | L64: 1 | M64: RMA | N64: P0001 | O64: Main Parts Supplier Template | P64: THB | U64: =TRIM(D64) -> Plastic Paint-Option | V64: =IF(U64="Seat-Option",LEFT(I64,18),TRIM(I64)) -> F0102089013PSMG7021Z | W64: GT | X64: Local parts | AA64: =IF(W64="GU","USD","THB") -> THB | AB64: =IF(AA64="THB",AB$5,1) -> 32.1892 | AC64: =Z64/AB64 -> 0 | AD64: =L64 -> 1 | AE64: =AC64*AD64 -> 0 | AH64: =AD64 -> 1 | AI64: =AG64*AH64 -> 0
A65: 59 | B65: 3.08 | D65: Plastic Paint-Option | F65: 3 | G65: Buy | H65: Each | I65: P-F0102089013SMG7021Z | J65: =IF(LEFT(I65,2)="CO",I65,IF(LEFT(I65,2)="54","HT"&I65,IF(LEFT(I65,2)="KI","KT_"&MID(I65,5,24),IF(P65="THB","GT"&I65,IF(P65="USD","GU"&I65,IF(P65="CNY","GC"&I65)))))) -> GTP-F0102089013SMG7021Z | K65: PAINT FRT BUMPER DECO 1[BLK- SMG7021] | L65: 1 | M65: RMA | N65: P0001 | O65: Main Parts Supplier Template | P65: THB | R65: Non-specific supplier | U65: =TRIM(D65) -> Plastic Paint-Option | V65: =IF(U65="Seat-Option",LEFT(I65,18),TRIM(I65)) -> P-F0102089013SMG7021Z | W65: GT | X65: Local parts | AA65: =IF(W65="GU","USD","THB") -> THB | AB65: =IF(AA65="THB",AB$5,1) -> 32.1892 | AC65: =Z65/AB65 -> 0 | AD65: =L65 -> 1 | AE65: =AC65*AD65 -> 0 | AH65: =AD65 -> 1 | AI65: =AG65*AH65 -> 0
A66: 60 | B66: 3.09 | D66: Plastic | F66: 3 | G66: Buy | H66: Each | I66: F0102089013 | J66: =IF(LEFT(I66,2)="CO",I66,IF(LEFT(I66,2)="54","HT"&I66,IF(LEFT(I66,2)="KI","KT_"&MID(I66,5,24),IF(P66="THB","GT"&I66,IF(P66="USD","GU"&I66,IF(P66="CNY","GC"&I66)))))) -> GTF0102089013 | K66: FRT BUMPER DECO PART 1 | L66: 1 | M66: RMA | N66: S0403 | O66: Sombat Plastic Co.,Ltd. | P66: THB | U66: =TRIM(D66) -> Plastic | V66: =IF(U66="Seat-Option",LEFT(I66,18),TRIM(I66)) -> F0102089013 | W66: GT | X66: Local parts | AA66: =IF(W66="GU","USD","THB") -> THB | AB66: =IF(AA66="THB",AB$5,1) -> 32.1892 | AC66: =Z66/AB66 -> 0 | AD66: =L66 -> 1 | AE66: =AC66*AD66 -> 0 | AH66: =AD66 -> 1 | AI66: =AG66*AH66 -> 0
A67: 61 | B67: 3.1 | D67: Plastic Paint-Option | F67: 2 | G67: Make | H67: Each | I67: F0102089037PSMG7021Z | J67: =IF(LEFT(I67,2)="CO",I67,IF(LEFT(I67,2)="54","HT"&I67,IF(LEFT(I67,2)="KI","KT_"&MID(I67,5,24),IF(P67="THB","GT"&I67,IF(P67="USD","GU"&I67,IF(P67="CNY","GC"&I67)))))) -> GTF0102089037PSMG7021Z | K67: INSTR PANEL DECO STRIP L PAINT[BLK] | L67: 1 | M67: RMA | N67: P0001 | O67: Main Parts Supplier Template | P67: THB | U67: =TRIM(D67) -> Plastic Paint-Option | V67: =IF(U67="Seat-Option",LEFT(I67,18),TRIM(I67)) -> F0102089037PSMG7021Z | W67: GT | X67: Local parts | AA67: =IF(W67="GU","USD","THB") -> THB | AB67: =IF(AA67="THB",AB$5,1) -> 32.1892 | AC67: =Z67/AB67 -> 0 | AD67: =L67 -> 1 | AE67: =AC67*AD67 -> 0 | AH67: =AD67 -> 1 | AI67: =AG67*AH67 -> 0
A68: 62 | B68: 3.11 | D68: Plastic Paint-Option | F68: 3 | G68: Buy | H68: Each | I68: P-F0102089037SMG7021Z | J68: =IF(LEFT(I68,2)="CO",I68,IF(LEFT(I68,2)="54","HT"&I68,IF(LEFT(I68,2)="KI","KT_"&MID(I68,5,24),IF(P68="THB","GT"&I68,IF(P68="USD","GU"&I68,IF(P68="CNY","GC"&I68)))))) -> GTP-F0102089037SMG7021Z | K68: PAINT IP DECO STRIP L[BLK- SMG7021] | L68: 1 | M68: RMA | N68: P0001 | O68: Main Parts Supplier Template | P68: THB | R68: Non-specific supplier | U68: =TRIM(D68) -> Plastic Paint-Option | V68: =IF(U68="Seat-Option",LEFT(I68,18),TRIM(I68)) -> P-F0102089037SMG7021Z | W68: GT | X68: Local parts | AA68: =IF(W68="GU","USD","THB") -> THB | AB68: =IF(AA68="THB",AB$5,1) -> 32.1892 | AC68: =Z68/AB68 -> 0 | AD68: =L68 -> 1 | AE68: =AC68*AD68 -> 0 | AH68: =AD68 -> 1 | AI68: =AG68*AH68 -> 0
A69: 63 | B69: 3.12 | D69: Plastic | F69: 3 | G69: Buy | H69: Each | I69: F0102089037 | J69: =IF(LEFT(I69,2)="CO",I69,IF(LEFT(I69,2)="54","HT"&I69,IF(LEFT(I69,2)="KI","KT_"&MID(I69,5,24),IF(P69="THB","GT"&I69,IF(P69="USD","GU"&I69,IF(P69="CNY","GC"&I69)))))) -> GTF0102089037 | K69: INSTR PANEL DECO STRIP L | L69: 1 | M69: RMA | N69: J0019 | O69: J.V. (Thailand) Co.,Ltd. | P69: THB | U69: =TRIM(D69) -> Plastic | V69: =IF(U69="Seat-Option",LEFT(I69,18),TRIM(I69)) -> F0102089037 | W69: GT | X69: Local parts | AA69: =IF(W69="GU","USD","THB") -> THB | AB69: =IF(AA69="THB",AB$5,1) -> 32.1892 | AC69: =Z69/AB69 -> 0 | AD69: =L69 -> 1 | AE69: =AC69*AD69 -> 0 | AH69: =AD69 -> 1 | AI69: =AG69*AH69 -> 0
A70: 64 | B70: 3.13 | D70: Plastic Paint-Option | F70: 2 | G70: Make | H70: Each | I70: F0102089038PSMG7021Z | J70: =IF(LEFT(I70,2)="CO",I70,IF(LEFT(I70,2)="54","HT"&I70,IF(LEFT(I70,2)="KI","KT_"&MID(I70,5,24),IF(P70="THB","GT"&I70,IF(P70="USD","GU"&I70,IF(P70="CNY","GC"&I70)))))) -> GTF0102089038PSMG7021Z | K70: INSTR PANEL DECO STRIP R PAINT[BLK] | L70: 1 | M70: RMA | N70: P0001 | O70: Main Parts Supplier Template | P70: THB | U70: =TRIM(D70) -> Plastic Paint-Option | V70: =IF(U70="Seat-Option",LEFT(I70,18),TRIM(I70)) -> F0102089038PSMG7021Z | W70: GT | X70: Local parts | AA70: =IF(W70="GU","USD","THB") -> THB | AB70: =IF(AA70="THB",AB$5,1) -> 32.1892 | AC70: =Z70/AB70 -> 0 | AD70: =L70 -> 1 | AE70: =AC70*AD70 -> 0 | AH70: =AD70 -> 1 | AI70: =AG70*AH70 -> 0
A71: 65 | B71: 3.14 | D71: Plastic Paint-Option | F71: 3 | G71: Buy | H71: Each | I71: P-F0102089038SMG7021Z | J71: =IF(LEFT(I71,2)="CO",I71,IF(LEFT(I71,2)="54","HT"&I71,IF(LEFT(I71,2)="KI","KT_"&MID(I71,5,24),IF(P71="THB","GT"&I71,IF(P71="USD","GU"&I71,IF(P71="CNY","GC"&I71)))))) -> GTP-F0102089038SMG7021Z | K71: PAINT IP DECO STRIP R[BLK- SMG7021] | L71: 1 | M71: RMA | N71: P0001 | O71: Main Parts Supplier Template | P71: THB | R71: Non-specific supplier | U71: =TRIM(D71) -> Plastic Paint-Option | V71: =IF(U71="Seat-Option",LEFT(I71,18),TRIM(I71)) -> P-F0102089038SMG7021Z | W71: GT | X71: Local parts | AA71: =IF(W71="GU","USD","THB") -> THB | AB71: =IF(AA71="THB",AB$5,1) -> 32.1892 | AC71: =Z71/AB71 -> 0 | AD71: =L71 -> 1 | AE71: =AC71*AD71 -> 0 | AH71: =AD71 -> 1 | AI71: =AG71*AH71 -> 0
A72: 66 | B72: 3.15 | D72: Plastic | F72: 3 | G72: Buy | H72: Each | I72: F0102089038 | J72: =IF(LEFT(I72,2)="CO",I72,IF(LEFT(I72,2)="54","HT"&I72,IF(LEFT(I72,2)="KI","KT_"&MID(I72,5,24),IF(P72="THB","GT"&I72,IF(P72="USD","GU"&I72,IF(P72="CNY","GC"&I72)))))) -> GTF0102089038 | K72: INSTR PANEL DECO STRIP R | L72: 1 | M72: RMA | N72: J0019 | O72: J.V. (Thailand) Co.,Ltd. | P72: THB | U72: =TRIM(D72) -> Plastic | V72: =IF(U72="Seat-Option",LEFT(I72,18),TRIM(I72)) -> F0102089038 | W72: GT | X72: Local parts | AA72: =IF(W72="GU","USD","THB") -> THB | AB72: =IF(AA72="THB",AB$5,1) -> 32.1892 | AC72: =Z72/AB72 -> 0 | AD72: =L72 -> 1 | AE72: =AC72*AD72 -> 0 | AH72: =AD72 -> 1 | AI72: =AG72*AH72 -> 0
A73: 67 | B73: 3.16 | D73: Plastic Paint-Option | F73: 2 | G73: Make | H73: Each | I73: F0102089047PSMG7021Z | J73: =IF(LEFT(I73,2)="CO",I73,IF(LEFT(I73,2)="54","HT"&I73,IF(LEFT(I73,2)="KI","KT_"&MID(I73,5,24),IF(P73="THB","GT"&I73,IF(P73="USD","GU"&I73,IF(P73="CNY","GC"&I73)))))) -> GTF0102089047PSMG7021Z | K73: MIDDLE SEAT BUCKET PAINT[BLK] | L73: 1 | M73: RMA | N73: P0001 | O73: Main Parts Supplier Template | P73: THB | U73: =TRIM(D73) -> Plastic Paint-Option | V73: =IF(U73="Seat-Option",LEFT(I73,18),TRIM(I73)) -> F0102089047PSMG7021Z | W73: GT | X73: Local parts | AA73: =IF(W73="GU","USD","THB") -> THB | AB73: =IF(AA73="THB",AB$5,1) -> 32.1892 | AC73: =Z73/AB73 -> 0 | AD73: =L73 -> 1 | AE73: =AC73*AD73 -> 0 | AH73: =AD73 -> 1 | AI73: =AG73*AH73 -> 0
A74: 68 | B74: 3.17 | D74: Plastic Paint-Option | F74: 3 | G74: Buy | H74: Each | I74: P-F0102089047SMG7021Z | J74: =IF(LEFT(I74,2)="CO",I74,IF(LEFT(I74,2)="54","HT"&I74,IF(LEFT(I74,2)="KI","KT_"&MID(I74,5,24),IF(P74="THB","GT"&I74,IF(P74="USD","GU"&I74,IF(P74="CNY","GC"&I74)))))) -> GTP-F0102089047SMG7021Z | K74: PAINT MID SEAT BUCKET[BLK- SMG7021] | L74: 1 | M74: RMA | N74: P0001 | O74: Main Parts Supplier Template | P74: THB | R74: Non-specific supplier | U74: =TRIM(D74) -> Plastic Paint-Option | V74: =IF(U74="Seat-Option",LEFT(I74,18),TRIM(I74)) -> P-F0102089047SMG7021Z | W74: GT | X74: Local parts | AA74: =IF(W74="GU","USD","THB") -> THB | AB74: =IF(AA74="THB",AB$5,1) -> 32.1892 | AC74: =Z74/AB74 -> 0 | AD74: =L74 -> 1 | AE74: =AC74*AD74 -> 0 | AH74: =AD74 -> 1 | AI74: =AG74*AH74 -> 0
A75: 69 | B75: 3.18 | D75: Plastic | F75: 3 | G75: Buy | H75: Each | I75: F0102089047 | J75: =IF(LEFT(I75,2)="CO",I75,IF(LEFT(I75,2)="54","HT"&I75,IF(LEFT(I75,2)="KI","KT_"&MID(I75,5,24),IF(P75="THB","GT"&I75,IF(P75="USD","GU"&I75,IF(P75="CNY","GC"&I75)))))) -> GUF0102089047 | K75: MIDDLE SEAT BUCKET | L75: 1 | M75: RMA | N75: Y0030 | O75: Yangzhou Wev International Trade Co.,Ltd. | P75: USD | U75: =TRIM(D75) -> Plastic | V75: =IF(U75="Seat-Option",LEFT(I75,18),TRIM(I75)) -> F0102089047 | W75: GU | X75: Oversea-WEV | AA75: =IF(W75="GU","USD","THB") -> USD | AB75: =IF(AA75="THB",AB$5,1) -> 1 | AC75: =Z75/AB75 -> 0 | AD75: =L75 -> 1 | AE75: =AC75*AD75 -> 0 | AH75: =AD75 -> 1 | AI75: =AG75*AH75 -> 0
A76: 70 | B76: 3.19 | D76: Plastic Paint-Option | F76: 2 | G76: Make | H76: Each | I76: F0102089050PSMG7021Z | J76: =IF(LEFT(I76,2)="CO",I76,IF(LEFT(I76,2)="54","HT"&I76,IF(LEFT(I76,2)="KI","KT_"&MID(I76,5,24),IF(P76="THB","GT"&I76,IF(P76="USD","GU"&I76,IF(P76="CNY","GC"&I76)))))) -> GTF0102089050PSMG7021Z | K76: RR COVER PAINT[BLK] | L76: 1 | M76: RMA | N76: P0001 | O76: Main Parts Supplier Template | P76: THB | U76: =TRIM(D76) -> Plastic Paint-Option | V76: =IF(U76="Seat-Option",LEFT(I76,18),TRIM(I76)) -> F0102089050PSMG7021Z | W76: GT | X76: Local parts | AA76: =IF(W76="GU","USD","THB") -> THB | AB76: =IF(AA76="THB",AB$5,1) -> 32.1892 | AC76: =Z76/AB76 -> 0 | AD76: =L76 -> 1 | AE76: =AC76*AD76 -> 0 | AH76: =AD76 -> 1 | AI76: =AG76*AH76 -> 0
A77: 71 | B77: 3.2 | D77: Plastic Paint-Option | F77: 3 | G77: Buy | H77: Each | I77: P-F0102089050SMG7021Z | J77: =IF(LEFT(I77,2)="CO",I77,IF(LEFT(I77,2)="54","HT"&I77,IF(LEFT(I77,2)="KI","KT_"&MID(I77,5,24),IF(P77="THB","GT"&I77,IF(P77="USD","GU"&I77,IF(P77="CNY","GC"&I77)))))) -> GTP-F0102089050SMG7021Z | K77: PAINT PROCESS RR COVER[BLK- SMG7021] | L77: 1 | M77: RMA | N77: P0001 | O77: Main Parts Supplier Template | P77: THB | R77: Non-specific supplier | U77: =TRIM(D77) -> Plastic Paint-Option | V77: =IF(U77="Seat-Option",LEFT(I77,18),TRIM(I77)) -> P-F0102089050SMG7021Z | W77: GT | X77: Local parts | AA77: =IF(W77="GU","USD","THB") -> THB | AB77: =IF(AA77="THB",AB$5,1) -> 32.1892 | AC77: =Z77/AB77 -> 0 | AD77: =L77 -> 1 | AE77: =AC77*AD77 -> 0 | AH77: =AD77 -> 1 | AI77: =AG77*AH77 -> 0
A78: 72 | B78: 3.21 | D78: Plastic | F78: 3 | G78: Buy | H78: Each | I78: F0102089050 | J78: =IF(LEFT(I78,2)="CO",I78,IF(LEFT(I78,2)="54","HT"&I78,IF(LEFT(I78,2)="KI","KT_"&MID(I78,5,24),IF(P78="THB","GT"&I78,IF(P78="USD","GU"&I78,IF(P78="CNY","GC"&I78)))))) -> GUF0102089050 | K78: RR COVER | L78: 1 | M78: RMA | N78: Y0030 | O78: Yangzhou Wev International Trade Co.,Ltd. | P78: USD | U78: =TRIM(D78) -> Plastic | V78: =IF(U78="Seat-Option",LEFT(I78,18),TRIM(I78)) -> F0102089050 | W78: GU | X78: Oversea-WEV | AA78: =IF(W78="GU","USD","THB") -> USD | AB78: =IF(AA78="THB",AB$5,1) -> 1 | AC78: =Z78/AB78 -> 0 | AD78: =L78 -> 1 | AE78: =AC78*AD78 -> 0 | AH78: =AD78 -> 1 | AI78: =AG78*AH78 -> 0
A79: 73 | B79: 3.22 | D79: Plastic Paint-Option | F79: 2 | G79: Make | H79: Each | I79: F0102081005PSMG7021Z | J79: =IF(LEFT(I79,2)="CO",I79,IF(LEFT(I79,2)="54","HT"&I79,IF(LEFT(I79,2)="KI","KT_"&MID(I79,5,24),IF(P79="THB","GT"&I79,IF(P79="USD","GU"&I79,IF(P79="CNY","GC"&I79)))))) -> GTF0102081005PSMG7021Z | K79: 4-SEAT MOLDED ROOF PAINT[BLK] | L79: 1 | M79: RMA | N79: P0001 | O79: Main Parts Supplier Template | P79: THB | U79: =TRIM(D79) -> Plastic Paint-Option | V79: =IF(U79="Seat-Option",LEFT(I79,18),TRIM(I79)) -> F0102081005PSMG7021Z | W79: GT | X79: Local parts | AA79: =IF(W79="GU","USD","THB") -> THB | AB79: =IF(AA79="THB",AB$5,1) -> 32.1892 | AC79: =Z79/AB79 -> 0 | AD79: =L79 -> 1 | AE79: =AC79*AD79 -> 0 | AH79: =AD79 -> 1 | AI79: =AG79*AH79 -> 0
A80: 74 | B80: 3.23 | D80: Plastic Paint-Option | F80: 3 | G80: Buy | H80: Each | I80: P-F0102081005SMG7021Z | J80: =IF(LEFT(I80,2)="CO",I80,IF(LEFT(I80,2)="54","HT"&I80,IF(LEFT(I80,2)="KI","KT_"&MID(I80,5,24),IF(P80="THB","GT"&I80,IF(P80="USD","GU"&I80,IF(P80="CNY","GC"&I80)))))) -> GTP-F0102081005SMG7021Z | K80: PAINT 4-SEAT ROOF[BLK- SMG7021] | L80: 1 | M80: RMA | N80: P0001 | O80: Main Parts Supplier Template | P80: THB | R80: Non-specific supplier | U80: =TRIM(D80) -> Plastic Paint-Option | V80: =IF(U80="Seat-Option",LEFT(I80,18),TRIM(I80)) -> P-F0102081005SMG7021Z | W80: GT | X80: Local parts | AA80: =IF(W80="GU","USD","THB") -> THB | AB80: =IF(AA80="THB",AB$5,1) -> 32.1892 | AC80: =Z80/AB80 -> 0 | AD80: =L80 -> 1 | AE80: =AC80*AD80 -> 0 | AH80: =AD80 -> 1 | AI80: =AG80*AH80 -> 0
A81: 75 | B81: 3.24 | D81: Plastic | F81: 3 | G81: Buy | H81: Each | I81: F0102081005 | J81: =IF(LEFT(I81,2)="CO",I81,IF(LEFT(I81,2)="54","HT"&I81,IF(LEFT(I81,2)="KI","KT_"&MID(I81,5,24),IF(P81="THB","GT"&I81,IF(P81="USD","GU"&I81,IF(P81="CNY","GC"&I81)))))) -> GUF0102081005 | K81: 4-SEAT MOLDED ROOF | L81: 1 | M81: RMA | N81: Y0030 | O81: Yangzhou Wev International Trade Co.,Ltd. | P81: USD | U81: =TRIM(D81) -> Plastic | V81: =IF(U81="Seat-Option",LEFT(I81,18),TRIM(I81)) -> F0102081005 | W81: GU | X81: Oversea-WEV | AA81: =IF(W81="GU","USD","THB") -> USD | AB81: =IF(AA81="THB",AB$5,1) -> 1 | AC81: =Z81/AB81 -> 0 | AD81: =L81 -> 1 | AE81: =AC81*AD81 -> 0 | AH81: =AD81 -> 1 | AI81: =AG81*AH81 -> 0
A82: 76 | B82: 4 | D82: Plastic Paint-Option | F82: 1 | G82: Non Buy | H82: Set | I82: KIT_PNT_V2S_SPPG9003Z | J82: =IF(LEFT(I82,2)="CO",I82,IF(LEFT(I82,2)="54","HT"&I82,IF(LEFT(I82,2)="KI","KT_"&MID(I82,5,24),IF(P82="THB","GT"&I82,IF(P82="USD","GU"&I82,IF(P82="CNY","GC"&I82)))))) -> KT_PNT_V2S_SPPG9003Z | K82: BODY PLASTIC W/PAINT[WHT] | L82: 1 | M82: RMA | U82: =TRIM(D82) -> Plastic Paint-Option | V82: =IF(U82="Seat-Option",LEFT(I82,18),TRIM(I82)) -> KIT_PNT_V2S_SPPG9003Z | W82: 0 | X82: 0 | AA82: =IF(W82="GU","USD","THB") -> THB | AB82: =IF(AA82="THB",AB$5,1) -> 32.1892 | AC82: =Z82/AB82 -> 0 | AD82: =L82 -> 1 | AE82: =AC82*AD82 -> 0 | AH82: =AD82 -> 1 | AI82: =AG82*AH82 -> 0
A83: 77 | B83: 4.01 | D83: Plastic Paint-Option | F83: 2 | G83: Make | H83: Each | I83: F0102089003PSPPG9003Z | J83: =IF(LEFT(I83,2)="CO",I83,IF(LEFT(I83,2)="54","HT"&I83,IF(LEFT(I83,2)="KI","KT_"&MID(I83,5,24),IF(P83="THB","GT"&I83,IF(P83="USD","GU"&I83,IF(P83="CNY","GC"&I83)))))) -> GTF0102089003PSPPG9003Z | K83: FRT COVER PAINT[WHT] | L83: 1 | M83: RMA | N83: P0001 | O83: Main Parts Supplier Template | P83: THB | U83: =TRIM(D83) -> Plastic Paint-Option | V83: =IF(U83="Seat-Option",LEFT(I83,18),TRIM(I83)) -> F0102089003PSPPG9003Z | W83: GT | X83: Local parts | AA83: =IF(W83="GU","USD","THB") -> THB | AB83: =IF(AA83="THB",AB$5,1) -> 32.1892 | AC83: =Z83/AB83 -> 0 | AD83: =Table13[[#This Row],[Usage Qty]] -> 1 | AE83: =AC83*AD83 -> 0 | AH83: =L83 -> 1 | AI83: =AG83*AH83 -> 0
A84: 78 | B84: 4.02 | D84: Plastic Paint-Option | F84: 3 | G84: Buy | H84: Each | I84: P-F0102089003SPPG9003Z | J84: =IF(LEFT(I84,2)="CO",I84,IF(LEFT(I84,2)="54","HT"&I84,IF(LEFT(I84,2)="KI","KT_"&MID(I84,5,24),IF(P84="THB","GT"&I84,IF(P84="USD","GU"&I84,IF(P84="CNY","GC"&I84)))))) -> GTP-F0102089003SPPG9003Z | K84: PAINT PROCESS FRT COVER[WHT- SPPG9003] | L84: 1 | M84: RMA | N84: P0001 | O84: Main Parts Supplier Template | P84: THB | R84: Non-specific supplier | U84: =TRIM(D84) -> Plastic Paint-Option | V84: =IF(U84="Seat-Option",LEFT(I84,18),TRIM(I84)) -> P-F0102089003SPPG9003Z | W84: GT | X84: Local parts | AA84: =IF(W84="GU","USD","THB") -> THB | AB84: =IF(AA84="THB",AB$5,1) -> 32.1892 | AC84: =Z84/AB84 -> 0 | AD84: =Table13[[#This Row],[Usage Qty]] -> 1 | AE84: =AC84*AD84 -> 0 | AH84: =L84 -> 1 | AI84: =AG84*AH84 -> 0
A85: 79 | B85: 4.03 | D85: Plastic | F85: 3 | G85: Buy | H85: Each | I85: F0102089003 | J85: =IF(LEFT(I85,2)="CO",I85,IF(LEFT(I85,2)="54","HT"&I85,IF(LEFT(I85,2)="KI","KT_"&MID(I85,5,24),IF(P85="THB","GT"&I85,IF(P85="USD","GU"&I85,IF(P85="CNY","GC"&I85)))))) -> GTF0102089003 | K85: FRT COVER | L85: 1 | M85: RMA | N85: P0238 | O85: 687 Plastic and Mold Co.,Ltd. | P85: THB | U85: =TRIM(D85) -> Plastic | V85: =IF(U85="Seat-Option",LEFT(I85,18),TRIM(I85)) -> F0102089003 | W85: GT | X85: Local parts | AA85: =IF(W85="GU","USD","THB") -> THB | AB85: =IF(AA85="THB",AB$5,1) -> 32.1892 | AC85: =Z85/AB85 -> 0 | AD85: =Table13[[#This Row],[Usage Qty]] -> 1 | AE85: =AC85*AD85 -> 0 | AH85: =L85 -> 1 | AI85: =AG85*AH85 -> 0
A86: 80 | B86: 4.04 | D86: Plastic Paint-Option | F86: 2 | G86: Make | H86: Each | I86: F0102089006PSPPG9003Z | J86: =IF(LEFT(I86,2)="CO",I86,IF(LEFT(I86,2)="54","HT"&I86,IF(LEFT(I86,2)="KI","KT_"&MID(I86,5,24),IF(P86="THB","GT"&I86,IF(P86="USD","GU"&I86,IF(P86="CNY","GC"&I86)))))) -> GTF0102089006PSPPG9003Z | K86: FRT STORAGE COVER PAINT[WHT] | L86: 1 | M86: RMA | N86: P0001 | O86: Main Parts Supplier Template | P86: THB | U86: =TRIM(D86) -> Plastic Paint-Option | V86: =IF(U86="Seat-Option",LEFT(I86,18),TRIM(I86)) -> F0102089006PSPPG9003Z | W86: GT | X86: Local parts | AA86: =IF(W86="GU","USD","THB") -> THB | AB86: =IF(AA86="THB",AB$5,1) -> 32.1892 | AC86: =Z86/AB86 -> 0 | AD86: =Table13[[#This Row],[Usage Qty]] -> 1 | AE86: =AC86*AD86 -> 0 | AH86: =L86 -> 1 | AI86: =AG86*AH86 -> 0
A87: 81 | B87: 4.05 | D87: Plastic Paint-Option | F87: 3 | G87: Buy | H87: Each | I87: P-F0102089006SPPG9003Z | J87: =IF(LEFT(I87,2)="CO",I87,IF(LEFT(I87,2)="54","HT"&I87,IF(LEFT(I87,2)="KI","KT_"&MID(I87,5,24),IF(P87="THB","GT"&I87,IF(P87="USD","GU"&I87,IF(P87="CNY","GC"&I87)))))) -> GTP-F0102089006SPPG9003Z | K87: PAINT FRT STORAGE COVER[WHT- SPPG9003] | L87: 1 | M87: RMA | N87: P0001 | O87: Main Parts Supplier Template | P87: THB | R87: Non-specific supplier | U87: =TRIM(D87) -> Plastic Paint-Option | V87: =IF(U87="Seat-Option",LEFT(I87,18),TRIM(I87)) -> P-F0102089006SPPG9003Z | W87: GT | X87: Local parts | AA87: =IF(W87="GU","USD","THB") -> THB | AB87: =IF(AA87="THB",AB$5,1) -> 32.1892 | AC87: =Z87/AB87 -> 0 | AD87: =Table13[[#This Row],[Usage Qty]] -> 1 | AE87: =AC87*AD87 -> 0 | AH87: =L87 -> 1 | AI87: =AG87*AH87 -> 0
A88: 82 | B88: 4.06 | D88: Plastic | F88: 3 | G88: Buy | H88: Each | I88: F0102089006 | J88: =IF(LEFT(I88,2)="CO",I88,IF(LEFT(I88,2)="54","HT"&I88,IF(LEFT(I88,2)="KI","KT_"&MID(I88,5,24),IF(P88="THB","GT"&I88,IF(P88="USD","GU"&I88,IF(P88="CNY","GC"&I88)))))) -> GTF0102089006 | K88: FRT STORAGE COMPARTMENT COVER | L88: 1 | M88: RMA | N88: T0255 | O88: Tayih Kenmos Autoparts Co.,Ltd. | P88: THB | U88: =TRIM(D88) -> Plastic | V88: =IF(U88="Seat-Option",LEFT(I88,18),TRIM(I88)) -> F0102089006 | W88: GT | X88: Local parts | AA88: =IF(W88="GU","USD","THB") -> THB | AB88: =IF(AA88="THB",AB$5,1) -> 32.1892 | AC88: =Z88/AB88 -> 0 | AD88: =Table13[[#This Row],[Usage Qty]] -> 1 | AE88: =AC88*AD88 -> 0 | AH88: =L88 -> 1 | AI88: =AG88*AH88 -> 0
A89: 83 | B89: 4.07 | D89: Plastic Paint-Option | F89: 2 | G89: Make | H89: Each | I89: F0102089013PSPPG9003Z | J89: =IF(LEFT(I89,2)="CO",I89,IF(LEFT(I89,2)="54","HT"&I89,IF(LEFT(I89,2)="KI","KT_"&MID(I89,5,24),IF(P89="THB","GT"&I89,IF(P89="USD","GU"&I89,IF(P89="CNY","GC"&I89)))))) -> GTF0102089013PSPPG9003Z | K89: FRT BUMPER DECO PART 1 PAINT[WHT] | L89: 1 | M89: RMA | N89: P0001 | O89: Main Parts Supplier Template | P89: THB | U89: =TRIM(D89) -> Plastic Paint-Option | V89: =IF(U89="Seat-Option",LEFT(I89,18),TRIM(I89)) -> F0102089013PSPPG9003Z | W89: GT | X89: Local parts | AA89: =IF(W89="GU","USD","THB") -> THB | AB89: =IF(AA89="THB",AB$5,1) -> 32.1892 | AC89: =Z89/AB89 -> 0 | AD89: =Table13[[#This Row],[Usage Qty]] -> 1 | AE89: =AC89*AD89 -> 0 | AH89: =L89 -> 1 | AI89: =AG89*AH89 -> 0
A90: 84 | B90: 4.08 | D90: Plastic Paint-Option | F90: 3 | G90: Buy | H90: Each | I90: P-F0102089013SPPG9003Z | J90: =IF(LEFT(I90,2)="CO",I90,IF(LEFT(I90,2)="54","HT"&I90,IF(LEFT(I90,2)="KI","KT_"&MID(I90,5,24),IF(P90="THB","GT"&I90,IF(P90="USD","GU"&I90,IF(P90="CNY","GC"&I90)))))) -> GTP-F0102089013SPPG9003Z | K90: PAINT FRT BUMPER DECO 1[WHT- SPPG9003] | L90: 1 | M90: RMA | N90: P0001 | O90: Main Parts Supplier Template | P90: THB | R90: Non-specific supplier | U90: =TRIM(D90) -> Plastic Paint-Option | V90: =IF(U90="Seat-Option",LEFT(I90,18),TRIM(I90)) -> P-F0102089013SPPG9003Z | W90: GT | X90: Local parts | AA90: =IF(W90="GU","USD","THB") -> THB | AB90: =IF(AA90="THB",AB$5,1) -> 32.1892 | AC90: =Z90/AB90 -> 0 | AD90: =Table13[[#This Row],[Usage Qty]] -> 1 | AE90: =AC90*AD90 -> 0 | AH90: =L90 -> 1 | AI90: =AG90*AH90 -> 0
A91: 85 | B91: 4.09 | D91: Plastic | F91: 3 | G91: Buy | H91: Each | I91: F0102089013 | J91: =IF(LEFT(I91,2)="CO",I91,IF(LEFT(I91,2)="54","HT"&I91,IF(LEFT(I91,2)="KI","KT_"&MID(I91,5,24),IF(P91="THB","GT"&I91,IF(P91="USD","GU"&I91,IF(P91="CNY","GC"&I91)))))) -> GTF0102089013 | K91: FRT BUMPER DECO PART 1 | L91: 1 | M91: RMA | N91: S0403 | O91: Sombat Plastic Co.,Ltd. | P91: THB | U91: =TRIM(D91) -> Plastic | V91: =IF(U91="Seat-Option",LEFT(I91,18),TRIM(I91)) -> F0102089013 | W91: GT | X91: Local parts | AA91: =IF(W91="GU","USD","THB") -> THB | AB91: =IF(AA91="THB",AB$5,1) -> 32.1892 | AC91: =Z91/AB91 -> 0 | AD91: =Table13[[#This Row],[Usage Qty]] -> 1 | AE91: =AC91*AD91 -> 0 | AH91: =L91 -> 1 | AI91: =AG91*AH91 -> 0
A92: 86 | B92: 4.1 | D92: Plastic Paint-Option | F92: 2 | G92: Make | H92: Each | I92: F0102089037PSPPG9003Z | J92: =IF(LEFT(I92,2)="CO",I92,IF(LEFT(I92,2)="54","HT"&I92,IF(LEFT(I92,2)="KI","KT_"&MID(I92,5,24),IF(P92="THB","GT"&I92,IF(P92="USD","GU"&I92,IF(P92="CNY","GC"&I92)))))) -> GTF0102089037PSPPG9003Z | K92: INSTR PANEL DECO STRIP L PAINT[WHT] | L92: 1 | M92: RMA | N92: P0001 | O92: Main Parts Supplier Template | P92: THB | U92: =TRIM(D92) -> Plastic Paint-Option | V92: =IF(U92="Seat-Option",LEFT(I92,18),TRIM(I92)) -> F0102089037PSPPG9003Z | W92: GT | X92: Local parts | AA92: =IF(W92="GU","USD","THB") -> THB | AB92: =IF(AA92="THB",AB$5,1) -> 32.1892 | AC92: =Z92/AB92 -> 0 | AD92: =Table13[[#This Row],[Usage Qty]] -> 1 | AE92: =AC92*AD92 -> 0 | AH92: =L92 -> 1 | AI92: =AG92*AH92 -> 0
A93: 87 | B93: 4.11 | D93: Plastic Paint-Option | F93: 3 | G93: Buy | H93: Each | I93: P-F0102089037SPPG9003Z | J93: =IF(LEFT(I93,2)="CO",I93,IF(LEFT(I93,2)="54","HT"&I93,IF(LEFT(I93,2)="KI","KT_"&MID(I93,5,24),IF(P93="THB","GT"&I93,IF(P93="USD","GU"&I93,IF(P93="CNY","GC"&I93)))))) -> GTP-F0102089037SPPG9003Z | K93: PAINT IP DECO STRIP L[WHT- SPPG9003] | L93: 1 | M93: RMA | N93: P0001 | O93: Main Parts Supplier Template | P93: THB | R93: Non-specific supplier | U93: =TRIM(D93) -> Plastic Paint-Option | V93: =IF(U93="Seat-Option",LEFT(I93,18),TRIM(I93)) -> P-F0102089037SPPG9003Z | W93: GT | X93: Local parts | AA93: =IF(W93="GU","USD","THB") -> THB | AB93: =IF(AA93="THB",AB$5,1) -> 32.1892 | AC93: =Z93/AB93 -> 0 | AD93: =Table13[[#This Row],[Usage Qty]] -> 1 | AE93: =AC93*AD93 -> 0 | AH93: =L93 -> 1 | AI93: =AG93*AH93 -> 0
A94: 88 | B94: 4.12 | D94: Plastic | F94: 3 | G94: Buy | H94: Each | I94: F0102089037 | J94: =IF(LEFT(I94,2)="CO",I94,IF(LEFT(I94,2)="54","HT"&I94,IF(LEFT(I94,2)="KI","KT_"&MID(I94,5,24),IF(P94="THB","GT"&I94,IF(P94="USD","GU"&I94,IF(P94="CNY","GC"&I94)))))) -> GTF0102089037 | K94: INSTR PANEL DECO STRIP L | L94: 1 | M94: RMA | N94: J0019 | O94: J.V. (Thailand) Co.,Ltd. | P94: THB | U94: =TRIM(D94) -> Plastic | V94: =IF(U94="Seat-Option",LEFT(I94,18),TRIM(I94)) -> F0102089037 | W94: GT | X94: Local parts | AA94: =IF(W94="GU","USD","THB") -> THB | AB94: =IF(AA94="THB",AB$5,1) -> 32.1892 | AC94: =Z94/AB94 -> 0 | AD94: =Table13[[#This Row],[Usage Qty]] -> 1 | AE94: =AC94*AD94 -> 0 | AH94: =L94 -> 1 | AI94: =AG94*AH94 -> 0
A95: 89 | B95: 4.13 | D95: Plastic Paint-Option | F95: 2 | G95: Make | H95: Each | I95: F0102089038PSPPG9003Z | J95: =IF(LEFT(I95,2)="CO",I95,IF(LEFT(I95,2)="54","HT"&I95,IF(LEFT(I95,2)="KI","KT_"&MID(I95,5,24),IF(P95="THB","GT"&I95,IF(P95="USD","GU"&I95,IF(P95="CNY","GC"&I95)))))) -> GTF0102089038PSPPG9003Z | K95: INSTR PANEL DECO STRIP R PAINT[WHT] | L95: 1 | M95: RMA | N95: P0001 | O95: Main Parts Supplier Template | P95: THB | U95: =TRIM(D95) -> Plastic Paint-Option | V95: =IF(U95="Seat-Option",LEFT(I95,18),TRIM(I95)) -> F0102089038PSPPG9003Z | W95: GT | X95: Local parts | AA95: =IF(W95="GU","USD","THB") -> THB | AB95: =IF(AA95="THB",AB$5,1) -> 32.1892 | AC95: =Z95/AB95 -> 0 | AD95: =Table13[[#This Row],[Usage Qty]] -> 1 | AE95: =AC95*AD95 -> 0 | AH95: =L95 -> 1 | AI95: =AG95*AH95 -> 0
A96: 90 | B96: 4.14 | D96: Plastic Paint-Option | F96: 3 | G96: Buy | H96: Each | I96: P-F0102089038SPPG9003Z | J96: =IF(LEFT(I96,2)="CO",I96,IF(LEFT(I96,2)="54","HT"&I96,IF(LEFT(I96,2)="KI","KT_"&MID(I96,5,24),IF(P96="THB","GT"&I96,IF(P96="USD","GU"&I96,IF(P96="CNY","GC"&I96)))))) -> GTP-F0102089038SPPG9003Z | K96: PAINT IP DECO STRIP R[WHT- SPPG9003] | L96: 1 | M96: RMA | N96: P0001 | O96: Main Parts Supplier Template | P96: THB | R96: Non-specific supplier | U96: =TRIM(D96) -> Plastic Paint-Option | V96: =IF(U96="Seat-Option",LEFT(I96,18),TRIM(I96)) -> P-F0102089038SPPG9003Z | W96: GT | X96: Local parts | AA96: =IF(W96="GU","USD","THB") -> THB | AB96: =IF(AA96="THB",AB$5,1) -> 32.1892 | AC96: =Z96/AB96 -> 0 | AD96: =Table13[[#This Row],[Usage Qty]] -> 1 | AE96: =AC96*AD96 -> 0 | AH96: =L96 -> 1 | AI96: =AG96*AH96 -> 0
A97: 91 | B97: 4.15 | D97: Plastic | F97: 3 | G97: Buy | H97: Each | I97: F0102089038 | J97: =IF(LEFT(I97,2)="CO",I97,IF(LEFT(I97,2)="54","HT"&I97,IF(LEFT(I97,2)="KI","KT_"&MID(I97,5,24),IF(P97="THB","GT"&I97,IF(P97="USD","GU"&I97,IF(P97="CNY","GC"&I97)))))) -> GTF0102089038 | K97: INSTR PANEL DECO STRIP R | L97: 1 | M97: RMA | N97: J0019 | O97: J.V. (Thailand) Co.,Ltd. | P97: THB | U97: =TRIM(D97) -> Plastic | V97: =IF(U97="Seat-Option",LEFT(I97,18),TRIM(I97)) -> F0102089038 | W97: GT | X97: Local parts | AA97: =IF(W97="GU","USD","THB") -> THB | AB97: =IF(AA97="THB",AB$5,1) -> 32.1892 | AC97: =Z97/AB97 -> 0 | AD97: =Table13[[#This Row],[Usage Qty]] -> 1 | AE97: =AC97*AD97 -> 0 | AH97: =L97 -> 1 | AI97: =AG97*AH97 -> 0
A98: 92 | B98: 4.16 | D98: Plastic Paint-Option | F98: 2 | G98: Make | H98: Each | I98: F0102089047PSPPG9003Z | J98: =IF(LEFT(I98,2)="CO",I98,IF(LEFT(I98,2)="54","HT"&I98,IF(LEFT(I98,2)="KI","KT_"&MID(I98,5,24),IF(P98="THB","GT"&I98,IF(P98="USD","GU"&I98,IF(P98="CNY","GC"&I98)))))) -> GTF0102089047PSPPG9003Z | K98: MIDDLE SEAT BUCKET PAINT[WHT] | L98: 1 | M98: RMA | N98: P0001 | O98: Main Parts Supplier Template | P98: THB | U98: =TRIM(D98) -> Plastic Paint-Option | V98: =IF(U98="Seat-Option",LEFT(I98,18),TRIM(I98)) -> F0102089047PSPPG9003Z | W98: GT | X98: Local parts | AA98: =IF(W98="GU","USD","THB") -> THB | AB98: =IF(AA98="THB",AB$5,1) -> 32.1892 | AC98: =Z98/AB98 -> 0 | AD98: =Table13[[#This Row],[Usage Qty]] -> 1 | AE98: =AC98*AD98 -> 0 | AH98: =L98 -> 1 | AI98: =AG98*AH98 -> 0
A99: 93 | B99: 4.17 | D99: Plastic Paint-Option | F99: 3 | G99: Buy | H99: Each | I99: P-F0102089047SPPG9003Z | J99: =IF(LEFT(I99,2)="CO",I99,IF(LEFT(I99,2)="54","HT"&I99,IF(LEFT(I99,2)="KI","KT_"&MID(I99,5,24),IF(P99="THB","GT"&I99,IF(P99="USD","GU"&I99,IF(P99="CNY","GC"&I99)))))) -> GTP-F0102089047SPPG9003Z | K99: PAINT MID SEAT BUCKET[WHT- SPPG9003] | L99: 1 | M99: RMA | N99: P0001 | O99: Main Parts Supplier Template | P99: THB | R99: Non-specific supplier | U99: =TRIM(D99) -> Plastic Paint-Option | V99: =IF(U99="Seat-Option",LEFT(I99,18),TRIM(I99)) -> P-F0102089047SPPG9003Z | W99: GT | X99: Local parts | AA99: =IF(W99="GU","USD","THB") -> THB | AB99: =IF(AA99="THB",AB$5,1) -> 32.1892 | AC99: =Z99/AB99 -> 0 | AD99: =Table13[[#This Row],[Usage Qty]] -> 1 | AE99: =AC99*AD99 -> 0 | AH99: =L99 -> 1 | AI99: =AG99*AH99 -> 0
A100: 94 | B100: 4.18 | D100: Plastic | F100: 3 | G100: Buy | H100: Each | I100: F0102089047 | J100: =IF(LEFT(I100,2)="CO",I100,IF(LEFT(I100,2)="54","HT"&I100,IF(LEFT(I100,2)="KI","KT_"&MID(I100,5,24),IF(P100="THB","GT"&I100,IF(P100="USD","GU"&I100,IF(P100="CNY","GC"&I100)))))) -> GUF0102089047 | K100: MIDDLE SEAT BUCKET | L100: 1 | M100: RMA | N100: Y0030 | O100: Yangzhou Wev International Trade Co.,Ltd. | P100: USD | U100: =TRIM(D100) -> Plastic | V100: =IF(U100="Seat-Option",LEFT(I100,18),TRIM(I100)) -> F0102089047 | W100: GU | X100: Oversea-WEV | AA100: =IF(W100="GU","USD","THB") -> USD | AB100: =IF(AA100="THB",AB$5,1) -> 1 | AC100: =Z100/AB100 -> 0 | AD100: =Table13[[#This Row],[Usage Qty]] -> 4 | AE100: =AC100*AD100 -> 0 | AH100: =L100 -> 1 | AI100: =AG100*AH100 -> 0
A101: 95 | B101: 4.19 | D101: Plastic Paint-Option | F101: 2 | G101: Make | H101: Each | I101: F0102089050PSPPG9003Z | J101: =IF(LEFT(I101,2)="CO",I101,IF(LEFT(I101,2)="54","HT"&I101,IF(LEFT(I101,2)="KI","KT_"&MID(I101,5,24),IF(P101="THB","GT"&I101,IF(P101="USD","GU"&I101,IF(P101="CNY","GC"&I101)))))) -> GTF0102089050PSPPG9003Z | K101: RR COVER PAINT[WHT] | L101: 1 | M101: RMA | N101: P0001 | O101: Main Parts Supplier Template | P101: THB | U101: =TRIM(D101) -> Plastic Paint-Option | V101: =IF(U101="Seat-Option",LEFT(I101,18),TRIM(I101)) -> F0102089050PSPPG9003Z | W101: GT | X101: Local parts | AA101: =IF(W101="GU","USD","THB") -> THB | AB101: =IF(AA101="THB",AB$5,1) -> 32.1892 | AC101: =Z101/AB101 -> 0 | AD101: =Table13[[#This Row],[Usage Qty]] -> 1 | AE101: =AC101*AD101 -> 0 | AH101: =L101 -> 1 | AI101: =AG101*AH101 -> 0
...

Sheet Wiring GAT
K2: RMA BOM No | L2: ='RMA Main BOM'!L2 -> RMA-BOM_25_180_R04 | M2: ='RMA Main BOM'!M2 -> ver. 20260302 for Order#31
K3: Customer BOM No | L3: ='RMA Main BOM'!L3 -> F0101023203 | M3: ='RMA Main BOM'!M3 -> ver. JS-S4FL-V2-202510000 for Order#31
K4: Model | L4: ='RMA Main BOM'!L4 -> V2-4SK | Z4: RMA BOM & COST | AG4: RMA Uplift COST (LCB port to RMA plant)
A5: =SUBTOTAL(3,Table13911121314[Running]) -> 180 | K5: Series | L5: ='RMA Main BOM'!L5 -> V2-S 4+0 Golf | AB5: 32.1892 | AG5: Currency : USD)
A6: Running | B6: Item | C6: Status | D6: Category | E6: Station | F6: Level | G6: Part Type | H6: UOM | I6: Customer P/N | J6: RMA P/N | K6: RMA Part Description | L6: Usage Qty | M6: Company | N6: Supplier | O6: Supplier Name | P6: Curren | Q6: Purchase Price | R6: Note | S6: Comment | U6: Category | V6: Trim | W6: Code | X6: Location | Z6: Pure material/unit w/o Uplift | AA6: Currency | AB6: FX Conversion | AC6: Material cost (USD) | AD6: Material usage | AE6: Total material x usage (USD) | AG6: Uplift/unit | AH6: Material usage | AI6: Total Uplift
A7: 1 | B7: 1 | C7: Remove - 20260126 | D7: Electrical - Main | F7: 1 | G7: Make | H7: SET | I7: F0304001563 | J7: =IF(LEFT(I7,2)="CO",I7,IF(LEFT(I7,2)="54","HT"&I7,IF(LEFT(I7,2)="KI","KT_"&MID(I7,5,24),IF(P7="THB","GT"&I7,IF(P7="USD","GU"&I7,IF(P7="CNY","GC"&I7)))))) -> GTF0304001563 | K7: Lithium Harness (V2S 4-Seat Golf) | L7: 1 | M7: GAT | N7: P0000 | O7: Main Parts Supplier Template | P7: THB | R7: Changed Supplier, not GAT | U7: =TRIM(D7) -> Electrical - Main | V7: =IF(U7="Seat-Option",LEFT(I7,18),TRIM(I7)) -> F0304001563 | W7: GT | X7: Local parts | AA7: =IF(W7="GU","USD","THB") -> THB | AB7: =IF(AA7="THB",AB$5,1) -> 32.1892 | AC7: =Z7/AB7 -> 0 | AD7: =L7 -> 1 | AE7: =AC7*AD7 -> 0 | AH7: =AD7 -> 1 | AI7: =AG7*AH7 -> 0
A8: 2 | B8: 1.001 | C8: Remove - 20260126 | D8: Electrical | F8: 2 | G8: Buy | H8: Each | I8: DJ7013-6.3-21 | J8: =IF(LEFT(I8,2)="CO",I8,IF(LEFT(I8,2)="54","HT"&I8,IF(LEFT(I8,2)="KI","KT_"&MID(I8,5,24),IF(P8="THB","GT"&I8,IF(P8="USD","GU"&I8,IF(P8="CNY","GC"&I8)))))) -> GCDJ7013-6.3-21 | K8: Terminal sleeve | L8: 12 | M8: GAT | N8: Y0010 | O8: Yueqing Guchuan (Gocel) | P8: CNY | U8: =TRIM(D8) -> Electrical | V8: =IF(U8="Seat-Option",LEFT(I8,18),TRIM(I8)) -> DJ7013-6.3-21 | W8: GC | X8: Oversea-non-WEV | AA8: =IF(W8="GU","USD","THB") -> THB | AB8: =IF(AA8="THB",AB$5,1) -> 32.1892 | AC8: =Z8/AB8 -> 0 | AD8: =L8 -> 12 | AE8: =AC8*AD8 -> 0 | AH8: =AD8 -> 12 | AI8: =AG8*AH8 -> 0
A9: 3 | B9: 1.002 | C9: Remove - 20260126 | D9: Electrical | F9: 2 | G9: Buy | H9: Each | I9: DJ622-D6.3A | J9: =IF(LEFT(I9,2)="CO",I9,IF(LEFT(I9,2)="54","HT"&I9,IF(LEFT(I9,2)="KI","KT_"&MID(I9,5,24),IF(P9="THB","GT"&I9,IF(P9="USD","GU"&I9,IF(P9="CNY","GC"&I9)))))) -> GCDJ622-D6.3A | K9: Female Quick Terminal, Brass, 6.3 | L9: 12 | M9: GAT | N9: Y0010 | O9: Yueqing Guchuan (Gocel) | P9: CNY | U9: =TRIM(D9) -> Electrical | V9: =IF(U9="Seat-Option",LEFT(I9,18),TRIM(I9)) -> DJ622-D6.3A | W9: GC | X9: Oversea-non-WEV | AA9: =IF(W9="GU","USD","THB") -> THB | AB9: =IF(AA9="THB",AB$5,1) -> 32.1892 | AC9: =Z9/AB9 -> 0 | AD9: =L9 -> 12 | AE9: =AC9*AD9 -> 0 | AH9: =AD9 -> 12 | AI9: =AG9*AH9 -> 0
A10: 4 | B10: 1.003 | C10: Remove - 20260126 | D10: Electrical | F10: 2 | G10: Buy | H10: Each | I10: DJ3011A-4-11/95 | J10: =IF(LEFT(I10,2)="CO",I10,IF(LEFT(I10,2)="54","HT"&I10,IF(LEFT(I10,2)="KI","KT_"&MID(I10,5,24),IF(P10="THB","GT"&I10,IF(P10="USD","GU"&I10,IF(P10="CNY","GC"&I10)))))) -> GUDJ3011A-4-11/95 | K10: Terminal sleeve | L10: 4 | M10: GAT | N10: H0029 | O10: Hong Kong Kemei | P10: USD | U10: =TRIM(D10) -> Electrical | V10: =IF(U10="Seat-Option",LEFT(I10,18),TRIM(I10)) -> DJ3011A-4-11/95 | W10: GU | X10: Oversea-non-WEV | AA10: =IF(W10="GU","USD","THB") -> USD | AB10: =IF(AA10="THB",AB$5,1) -> 1 | AC10: =Z10/AB10 -> 0 | AD10: =L10 -> 4 | AE10: =AC10*AD10 -> 0 | AH10: =AD10 -> 4 | AI10: =AG10*AH10 -> 0
A11: 5 | B11: 1.004 | C11: Remove - 20260126 | D11: Electrical | F11: 2 | G11: Buy | H11: Each | I11: DJ211-4A/BS0 | J11: =IF(LEFT(I11,2)="CO",I11,IF(LEFT(I11,2)="54","HT"&I11,IF(LEFT(I11,2)="KI","KT_"&MID(I11,5,24),IF(P11="THB","GT"&I11,IF(P11="USD","GU"&I11,IF(P11="CNY","GC"&I11)))))) -> GUDJ211-4A/BS0 | K11: Brass Bullet Male Terminal | L11: 4 | M11: GAT | N11: H0029 | O11: Hong Kong Kemei | P11: USD | U11: =TRIM(D11) -> Electrical | V11: =IF(U11="Seat-Option",LEFT(I11,18),TRIM(I11)) -> DJ211-4A/BS0 | W11: GU | X11: Oversea-non-WEV | AA11: =IF(W11="GU","USD","THB") -> USD | AB11: =IF(AA11="THB",AB$5,1) -> 1 | AC11: =Z11/AB11 -> 0 | AD11: =L11 -> 4 | AE11: =AC11*AD11 -> 0 | AH11: =AD11 -> 4 | AI11: =AG11*AH11 -> 0
A12: 6 | B12: 1.005 | C12: Remove - 20260126 | D12: Electrical | F12: 2 | G12: Buy | H12: Each | I12: DJ3011A-4-21/95 | J12: =IF(LEFT(I12,2)="CO",I12,IF(LEFT(I12,2)="54","HT"&I12,IF(LEFT(I12,2)="KI","KT_"&MID(I12,5,24),IF(P12="THB","GT"&I12,IF(P12="USD","GU"&I12,IF(P12="CNY","GC"&I12)))))) -> GUDJ3011A-4-21/95 | K12: Terminal sleeve | L12: 4 | M12: GAT | N12: H0029 | O12: Hong Kong Kemei | P12: USD | U12: =TRIM(D12) -> Electrical | V12: =IF(U12="Seat-Option",LEFT(I12,18),TRIM(I12)) -> DJ3011A-4-21/95 | W12: GU | X12: Oversea-non-WEV | AA12: =IF(W12="GU","USD","THB") -> USD | AB12: =IF(AA12="THB",AB$5,1) -> 1 | AC12: =Z12/AB12 -> 0 | AD12: =L12 -> 4 | AE12: =AC12*AD12 -> 0 | AH12: =AD12 -> 4 | AI12: =AG12*AH12 -> 0
A13: 7 | B13: 1.006 | C13: Remove - 20260126 | D13: Electrical | F13: 2 | G13: Buy | H13: Each | I13: DJ221-4A/PS0 | J13: =IF(LEFT(I13,2)="CO",I13,IF(LEFT(I13,2)="54","HT"&I13,IF(LEFT(I13,2)="KI","KT_"&MID(I13,5,24),IF(P13="THB","GT"&I13,IF(P13="USD","GU"&I13,IF(P13="CNY","GC"&I13)))))) -> GUDJ221-4A/PS0 | K13: Brass Bullet Female Connector Terminal | L13: 4 | M13: GAT | N13: H0029 | O13: Hong Kong Kemei | P13: USD | U13: =TRIM(D13) -> Electrical | V13: =IF(U13="Seat-Option",LEFT(I13,18),TRIM(I13)) -> DJ221-4A/PS0 | W13: GU | X13: Oversea-non-WEV | AA13: =IF(W13="GU","USD","THB") -> USD | AB13: =IF(AA13="THB",AB$5,1) -> 1 | AC13: =Z13/AB13 -> 0 | AD13: =L13 -> 4 | AE13: =AC13*AD13 -> 0 | AH13: =AD13 -> 4 | AI13: =AG13*AH13 -> 0
A14: 8 | B14: 1.007 | C14: Remove - 20260126 | D14: Electrical | F14: 2 | G14: Buy | H14: Each | I14: DJ7011-1.5-11 | J14: =IF(LEFT(I14,2)="CO",I14,IF(LEFT(I14,2)="54","HT"&I14,IF(LEFT(I14,2)="KI","KT_"&MID(I14,5,24),IF(P14="THB","GT"&I14,IF(P14="USD","GU"&I14,IF(P14="CNY","GC"&I14)))))) -> GUDJ7011-1.5-11 | K14: Connector Waterproof 1-pin Male | L14: 1 | M14: GAT | N14: H0029 | O14: Hong Kong Kemei | P14: USD | U14: =TRIM(D14) -> Electrical | V14: =IF(U14="Seat-Option",LEFT(I14,18),TRIM(I14)) -> DJ7011-1.5-11 | W14: GU | X14: Oversea-non-WEV | AA14: =IF(W14="GU","USD","THB") -> USD | AB14: =IF(AA14="THB",AB$5,1) -> 1 | AC14: =Z14/AB14 -> 0 | AD14: =L14 -> 1 | AE14: =AC14*AD14 -> 0 | AH14: =AD14 -> 1 | AI14: =AG14*AH14 -> 0
A15: 9 | B15: 1.008 | C15: Remove - 20260126 | D15: Electrical | F15: 2 | G15: Buy | H15: Each | I15: DJ7021-1.5-11 | J15: =IF(LEFT(I15,2)="CO",I15,IF(LEFT(I15,2)="54","HT"&I15,IF(LEFT(I15,2)="KI","KT_"&MID(I15,5,24),IF(P15="THB","GT"&I15,IF(P15="USD","GU"&I15,IF(P15="CNY","GC"&I15)))))) -> GUDJ7021-1.5-11 | K15: Connector Waterproof 2-pin Male | L15: 2 | M15: GAT | N15: H0029 | O15: Hong Kong Kemei | P15: USD | U15: =TRIM(D15) -> Electrical | V15: =IF(U15="Seat-Option",LEFT(I15,18),TRIM(I15)) -> DJ7021-1.5-11 | W15: GU | X15: Oversea-non-WEV | AA15: =IF(W15="GU","USD","THB") -> USD | AB15: =IF(AA15="THB",AB$5,1) -> 1 | AC15: =Z15/AB15 -> 0 | AD15: =L15 -> 2 | AE15: =AC15*AD15 -> 0 | AH15: =AD15 -> 2 | AI15: =AG15*AH15 -> 0
A16: 10 | B16: 1.009 | C16: Remove - 20260126 | D16: Electrical | F16: 2 | G16: Buy | H16: Each | I16: DJ7011-1.5-21 | J16: =IF(LEFT(I16,2)="CO",I16,IF(LEFT(I16,2)="54","HT"&I16,IF(LEFT(I16,2)="KI","KT_"&MID(I16,5,24),IF(P16="THB","GT"&I16,IF(P16="USD","GU"&I16,IF(P16="CNY","GC"&I16)))))) -> GUDJ7011-1.5-21 | K16: Connector Waterproof 1-pin Female | L16: 1 | M16: GAT | N16: Z0003 | O16: Anling | P16: USD | U16: =TRIM(D16) -> Electrical | V16: =IF(U16="Seat-Option",LEFT(I16,18),TRIM(I16)) -> DJ7011-1.5-21 | W16: GU | X16: Oversea-non-WEV | AA16: =IF(W16="GU","USD","THB") -> USD | AB16: =IF(AA16="THB",AB$5,1) -> 1 | AC16: =Z16/AB16 -> 0 | AD16: =L16 -> 1 | AE16: =AC16*AD16 -> 0 | AH16: =AD16 -> 1 | AI16: =AG16*AH16 -> 0
A17: 11 | B17: 1.01 | C17: Remove - 20260126 | D17: Electrical | F17: 2 | G17: Buy | H17: Each | I17: DJ7021-1.5-21 | J17: =IF(LEFT(I17,2)="CO",I17,IF(LEFT(I17,2)="54","HT"&I17,IF(LEFT(I17,2)="KI","KT_"&MID(I17,5,24),IF(P17="THB","GT"&I17,IF(P17="USD","GU"&I17,IF(P17="CNY","GC"&I17)))))) -> GUDJ7021-1.5-21 | K17: Connector Waterproof 2-pin Female | L17: 19 | M17: GAT | N17: Z0003 | O17: Anling | P17: USD | U17: =TRIM(D17) -> Electrical | V17: =IF(U17="Seat-Option",LEFT(I17,18),TRIM(I17)) -> DJ7021-1.5-21 | W17: GU | X17: Oversea-non-WEV | AA17: =IF(W17="GU","USD","THB") -> USD | AB17: =IF(AA17="THB",AB$5,1) -> 1 | AC17: =Z17/AB17 -> 0 | AD17: =L17 -> 19 | AE17: =AC17*AD17 -> 0 | AH17: =AD17 -> 19 | AI17: =AG17*AH17 -> 0
A18: 12 | B18: 1.011 | C18: Remove - 20260126 | D18: Electrical | F18: 2 | G18: Buy | H18: Each | I18: DJ7031-1.5-21 | J18: =IF(LEFT(I18,2)="CO",I18,IF(LEFT(I18,2)="54","HT"&I18,IF(LEFT(I18,2)="KI","KT_"&MID(I18,5,24),IF(P18="THB","GT"&I18,IF(P18="USD","GU"&I18,IF(P18="CNY","GC"&I18)))))) -> GUDJ7031-1.5-21 | K18: Connector Waterproof 3-pin Female | L18: 5 | M18: GAT | N18: Z0003 | O18: Anling | P18: USD | U18: =TRIM(D18) -> Electrical | V18: =IF(U18="Seat-Option",LEFT(I18,18),TRIM(I18)) -> DJ7031-1.5-21 | W18: GU | X18: Oversea-non-WEV | AA18: =IF(W18="GU","USD","THB") -> USD | AB18: =IF(AA18="THB",AB$5,1) -> 1 | AC18: =Z18/AB18 -> 0 | AD18: =L18 -> 5 | AE18: =AC18*AD18 -> 0 | AH18: =AD18 -> 5 | AI18: =AG18*AH18 -> 0
A19: 13 | B19: 1.012 | C19: Remove - 20260126 | D19: Electrical | F19: 2 | G19: Buy | H19: Each | I19: DJ7041-1.5-21 | J19: =IF(LEFT(I19,2)="CO",I19,IF(LEFT(I19,2)="54","HT"&I19,IF(LEFT(I19,2)="KI","KT_"&MID(I19,5,24),IF(P19="THB","GT"&I19,IF(P19="USD","GU"&I19,IF(P19="CNY","GC"&I19)))))) -> GUDJ7041-1.5-21 | K19: Connector Waterproof 4-pin Female | L19: 6 | M19: GAT | N19: Z0003 | O19: Anling | P19: USD | U19: =TRIM(D19) -> Electrical | V19: =IF(U19="Seat-Option",LEFT(I19,18),TRIM(I19)) -> DJ7041-1.5-21 | W19: GU | X19: Oversea-non-WEV | AA19: =IF(W19="GU","USD","THB") -> USD | AB19: =IF(AA19="THB",AB$5,1) -> 1 | AC19: =Z19/AB19 -> 0 | AD19: =L19 -> 6 | AE19: =AC19*AD19 -> 0 | AH19: =AD19 -> 6 | AI19: =AG19*AH19 -> 0
... A37: 31 | B37: 1.03 | C37: Remove - 20260126 | D37: Electrical | F37: 2 | G37: Buy | H37: Each | I37: DJ7081A-2.3-21 | J37: =IF(LEFT(I37,2)="CO",I37,IF(LEFT(I37,2)="54","HT"&I37,IF(LEFT(I37,2)="KI","KT_"&MID(I37,5,24),IF(P37="THB","GT"&I37,IF(P37="USD","GU"&I37,IF(P37="CNY","GC"&I37)))))) -> GCDJ7081A-2.3-21 | K37: Connector 8-pin Female | L37: 1 | M37: GAT | N37: Y0010 | O37: Yueqing Guchuan (Gocel) | P37: CNY | U37: =TRIM(D37) -> Electrical | V37: =IF(U37="Seat-Option",LEFT(I37,18),TRIM(I37)) -> DJ7081A-2.3-21 | W37: GC | X37: Oversea-non-WEV | AA37: =IF(W37="GU","USD","THB") -> THB | AB37: =IF(AA37="THB",AB$5,1) -> 32.1892 | AC37: =Z37/AB37 -> 0 | AD37: =L37 -> 1 | AE37: =AC37*AD37 -> 0 | AH37: =AD37 -> 1 | AI37: =AG37*AH37 -> 0
A38: 32 | B38: 1.031 | C38: Remove - 20260126 | D38: Electrical | F38: 2 | G38: Buy | H38: Each | I38: DJ621-G2.2X0.6B/BS2 | J38: =IF(LEFT(I38,2)="CO",I38,IF(LEFT(I38,2)="54","HT"&I38,IF(LEFT(I38,2)="KI","KT_"&MID(I38,5,24),IF(P38="THB","GT"&I38,IF(P38="USD","GU"&I38,IF(P38="CNY","GC"&I38)))))) -> GCDJ621-G2.2X0.6B/BS2 | K38: Terminal Female | L38: 6 | M38: GAT | N38: Y0010 | O38: Yueqing Guchuan (Gocel) | P38: CNY | U38: =TRIM(D38) -> Electrical | V38: DJ621-G2.2X0.6B/BS | W38: GC | X38: Oversea-non-WEV | AA38: =IF(W38="GU","USD","THB") -> THB | AB38: =IF(AA38="THB",AB$5,1) -> 32.1892 | AC38: =Z38/AB38 -> 0 | AD38: =L38 -> 6 | AE38: =AC38*AD38 -> 0 | AH38: =AD38 -> 6 | AI38: =AG38*AH38 -> 0
A39: 33 | B39: 1.032 | C39: Remove - 20260126 | D39: Electrical | F39: 2 | G39: Buy | H39: Each | I39: 776164-1 | J39: =IF(LEFT(I39,2)="CO",I39,IF(LEFT(I39,2)="54","HT"&I39,IF(LEFT(I39,2)="KI","KT_"&MID(I39,5,24),IF(P39="THB","GT"&I39,IF(P39="USD","GU"&I39,IF(P39="CNY","GC"&I39)))))) -> GU776164-1 | K39: Connector 35-pin | L39: 1 | M39: GAT | N39: Z0003 | O39: Anling | P39: USD | U39: =TRIM(D39) -> Electrical | V39: =IF(U39="Seat-Option",LEFT(I39,18),TRIM(I39)) -> 776164-1 | W39: GU | X39: Oversea-non-WEV | AA39: =IF(W39="GU","USD","THB") -> USD | AB39: =IF(AA39="THB",AB$5,1) -> 1 | AC39: =Z39/AB39 -> 0 | AD39: =L39 -> 1 | AE39: =AC39*AD39 -> 0 | AH39: =AD39 -> 1 | AI39: =AG39*AH39 -> 0
A40: 34 | B40: 1.033 | C40: Remove - 20260126 | D40: Electrical | F40: 2 | G40: Buy | H40: Each | I40: 770520-1 | J40: =IF(LEFT(I40,2)="CO",I40,IF(LEFT(I40,2)="54","HT"&I40,IF(LEFT(I40,2)="KI","KT_"&MID(I40,5,24),IF(P40="THB","GT"&I40,IF(P40="USD","GU"&I40,IF(P40="CNY","GC"&I40)))))) -> GU770520-1 | K40: Terminal Female | L40: 20 | M40: GAT | N40: Z0003 | O40: Anling | P40: USD | U40: =TRIM(D40) -> Electrical | V40: =IF(U40="Seat-Option",LEFT(I40,18),TRIM(I40)) -> 770520-1 | W40: GU | X40: Oversea-non-WEV | AA40: =IF(W40="GU","USD","THB") -> USD | AB40: =IF(AA40="THB",AB$5,1) -> 1 | AC40: =Z40/AB40 -> 0 | AD40: =L40 -> 20 | AE40: =AC40*AD40 -> 0 | AH40: =AD40 -> 20 | AI40: =AG40*AH40 -> 0
A41: 35 | B41: 1.034 | C41: Remove - 20260126 | D41: Electrical | F41: 2 | G41: Buy | H41: Each | I41: DJ621-E7.8B/BS2 | J41: =IF(LEFT(I41,2)="CO",I41,IF(LEFT(I41,2)="54","HT"&I41,IF(LEFT(I41,2)="KI","KT_"&MID(I41,5,24),IF(P41="THB","GT"&I41,IF(P41="USD","GU"&I41,IF(P41="CNY","GC"&I41)))))) -> GUDJ621-E7.8B/BS2 | K41: Terminal Female | L41: 1 | M41: GAT | N41: R0045 | O41: Reahoo | P41: USD | U41: =TRIM(D41) -> Electrical | V41: =IF(U41="Seat-Option",LEFT(I41,18),TRIM(I41)) -> DJ621-E7.8B/BS2 | W41: GU | X41: Oversea-non-WEV | AA41: =IF(W41="GU","USD","THB") -> USD | AB41: =IF(AA41="THB",AB$5,1) -> 1 | AC41: =Z41/AB41 -> 0 | AD41: =L41 -> 1 | AE41: =AC41*AD41 -> 0 | AH41: =AD41 -> 1 | AI41: =AG41*AH41 -> 0
A42: 36 | B42: 1.035 | C42: Remove - 20260126 | D42: Electrical | F42: 2 | G42: Buy | H42: Each | I42: DJ431-8B/BS2 | J42: =IF(LEFT(I42,2)="CO",I42,IF(LEFT(I42,2)="54","HT"&I42,IF(LEFT(I42,2)="KI","KT_"&MID(I42,5,24),IF(P42="THB","GT"&I42,IF(P42="USD","GU"&I42,IF(P42="CNY","GC"&I42)))))) -> GUDJ431-8B/BS2 | K42: Ring terminal M8 | L42: 2 | M42: GAT | N42: Z0003 | O42: Anling | P42: USD | U42: =TRIM(D42) -> Electrical | V42: =IF(U42="Seat-Option",LEFT(I42,18),TRIM(I42)) -> DJ431-8B/BS2 | W42: GU | X42: Oversea-non-WEV | AA42: =IF(W42="GU","USD","THB") -> USD | AB42: =IF(AA42="THB",AB$5,1) -> 1 | AC42: =Z42/AB42 -> 0 | AD42: =L42 -> 2 | AE42: =AC42*AD42 -> 0 | AH42: =AD42 -> 2 | AI42: =AG42*AH42 -> 0
A43: 37 | B43: 1.036 | C43: Remove - 20260126 | D43: Electrical | F43: 2 | G43: Buy | H43: Each | I43: DJ70310-6.3-21 | J43: =IF(LEFT(I43,2)="CO",I43,IF(LEFT(I43,2)="54","HT"&I43,IF(LEFT(I43,2)="KI","KT_"&MID(I43,5,24),IF(P43="THB","GT"&I43,IF(P43="USD","GU"&I43,IF(P43="CNY","GC"&I43)))))) -> GUDJ70310-6.3-21 | K43: Connector 3-pin Female, | L43: 2 | M43: GAT | N43: Z0003 | O43: Anling | P43: USD | U43: =TRIM(D43) -> Electrical | V43: =IF(U43="Seat-Option",LEFT(I43,18),TRIM(I43)) -> DJ70310-6.3-21 | W43: GU | X43: Oversea-non-WEV | AA43: =IF(W43="GU","USD","THB") -> USD | AB43: =IF(AA43="THB",AB$5,1) -> 1 | AC43: =Z43/AB43 -> 0 | AD43: =L43 -> 2 | AE43: =AC43*AD43 -> 0 | AH43: =AD43 -> 2 | AI43: =AG43*AH43 -> 0
A44: 38 | B44: 1.037 | C44: Remove - 20260126 | D44: Electrical | F44: 2 | G44: Buy | H44: Each | I44: DJ6212-E6.3B | J44: =IF(LEFT(I44,2)="CO",I44,IF(LEFT(I44,2)="54","HT"&I44,IF(LEFT(I44,2)="KI","KT_"&MID(I44,5,24),IF(P44="THB","GT"&I44,IF(P44="USD","GU"&I44,IF(P44="CNY","GC"&I44)))))) -> GUDJ6212-E6.3B | K44: Terminal Female | L44: 8 | M44: GAT | N44: R0045 | O44: Reahoo | P44: USD | U44: =TRIM(D44) -> Electrical | V44: =IF(U44="Seat-Option",LEFT(I44,18),TRIM(I44)) -> DJ6212-E6.3B | W44: GU | X44: Oversea-non-WEV | AA44: =IF(W44="GU","USD","THB") -> USD | AB44: =IF(AA44="THB",AB$5,1) -> 1 | AC44: =Z44/AB44 -> 0 | AD44: =L44 -> 8 | AE44: =AC44*AD44 -> 0 | AH44: =AD44 -> 8 | AI44: =AG44*AH44 -> 0
A45: 39 | B45: 1.038 | C45: Remove - 20260126 | D45: Electrical | F45: 2 | G45: Buy | H45: Each | I45: DJ611-F7.8 | J45: =IF(LEFT(I45,2)="CO",I45,IF(LEFT(I45,2)="54","HT"&I45,IF(LEFT(I45,2)="KI","KT_"&MID(I45,5,24),IF(P45="THB","GT"&I45,IF(P45="USD","GU"&I45,IF(P45="CNY","GC"&I45)))))) -> GUDJ611-F7.8 | K45: Terminal Male | L45: 2 | M45: GAT | N45: R0045 | O45: Reahoo | P45: USD | U45: =TRIM(D45) -> Electrical | V45: =IF(U45="Seat-Option",LEFT(I45,18),TRIM(I45)) -> DJ611-F7.8 | W45: GU | X45: Oversea-non-WEV | AA45: =IF(W45="GU","USD","THB") -> USD | AB45: =IF(AA45="THB",AB$5,1) -> 1 | AC45: =Z45/AB45 -> 0 | AD45: =L45 -> 2 | AE45: =AC45*AD45 -> 0 | AH45: =AD45 -> 2 | AI45: =AG45*AH45 -> 0
A46: 40 | B46: 1.039 | C46: Remove - 20260126 | D46: Electrical | F46: 2 | G46: Buy | H46: Each | I46: 16AWG | J46: =IF(LEFT(I46,2)="CO",I46,IF(LEFT(I46,2)="54","HT"&I46,IF(LEFT(I46,2)="KI","KT_"&MID(I46,5,24),IF(P46="THB","GT"&I46,IF(P46="USD","GU"&I46,IF(P46="CNY","GC"&I46)))))) -> GT16AWG | K46: Fuse holder | L46: 1 | M46: GAT | N46: D0040 | O46: D-Grand | P46: THB | U46: =TRIM(D46) -> Electrical | V46: =IF(U46="Seat-Option",LEFT(I46,18),TRIM(I46)) -> 16AWG | W46: GT | X46: Local parts | AA46: =IF(W46="GU","USD","THB") -> THB | AB46: =IF(AA46="THB",AB$5,1) -> 32.1892 | AC46: =Z46/AB46 -> 0 | AD46: =L46 -> 1 | AE46: =AC46*AD46 -> 0 | AH46: =AD46 -> 1 | AI46: =AG46*AH46 -> 0
A47: 41 | B47: 1.04 | C47: Remove - 20260126 | D47: Electrical | F47: 2 | G47: Buy | H47: Each | I47: BLADE_FUSE_15A | J47: =IF(LEFT(I47,2)="CO",I47,IF(LEFT(I47,2)="54","HT"&I47,IF(LEFT(I47,2)="KI","KT_"&MID(I47,5,24),IF(P47="THB","GT"&I47,IF(P47="USD","GU"&I47,IF(P47="CNY","GC"&I47)))))) -> GTBLADE_FUSE_15A | K47: Blade Fuse 15A | L47: 1 | M47: GAT | N47: D0040 | O47: D-Grand | P47: THB | U47: =TRIM(D47) -> Electrical | V47: =IF(U47="Seat-Option",LEFT(I47,18),TRIM(I47)) -> BLADE_FUSE_15A | W47: GT | X47: Local parts | AA47: =IF(W47="GU","USD","THB") -> THB | AB47: =IF(AA47="THB",AB$5,1) -> 32.1892 | AC47: =Z47/AB47 -> 0 | AD47: =L47 -> 1 | AE47: =AC47*AD47 -> 0 | AH47: =AD47 -> 1 | AI47: =AG47*AH47 -> 0
A48: 42 | B48: 1.041 | C48: Remove - 20260126 | D48: Electrical | F48: 2 | G48: Buy | H48: Each | I48: 1N5408 | J48: =IF(LEFT(I48,2)="CO",I48,IF(LEFT(I48,2)="54","HT"&I48,IF(LEFT(I48,2)="KI","KT_"&MID(I48,5,24),IF(P48="THB","GT"&I48,IF(P48="USD","GU"&I48,IF(P48="CNY","GC"&I48)))))) -> GU1N5408 | K48: Diode 1N5408 3A 1000V | L48: 3 | M48: GAT | N48: Z0003 | O48: Anling | P48: USD | U48: =TRIM(D48) -> Electrical | V48: =IF(U48="Seat-Option",LEFT(I48,18),TRIM(I48)) -> 1N5408 | W48: GU | X48: Oversea-non-WEV | AA48: =IF(W48="GU","USD","THB") -> USD | AB48: =IF(AA48="THB",AB$5,1) -> 1 | AC48: =Z48/AB48 -> 0 | AD48: =L48 -> 3 | AE48: =AC48*AD48 -> 0 | AH48: =AD48 -> 3 | AI48: =AG48*AH48 -> 0
A49: 43 | B49: 1.042 | C49: Remove - 20260126 | D49: Electrical | F49: 2 | G49: Buy | H49: Each | I49: 281934-2 | J49: =IF(LEFT(I49,2)="CO",I49,IF(LEFT(I49,2)="54","HT"&I49,IF(LEFT(I49,2)="KI","KT_"&MID(I49,5,24),IF(P49="THB","GT"&I49,IF(P49="USD","GU"&I49,IF(P49="CNY","GC"&I49)))))) -> GU281934-2 | K49: Rubber Seal | L49: 84 | M49: GAT | N49: R0045 | O49: Reahoo | P49: USD | U49: =TRIM(D49) -> Electrical | V49: =IF(U49="Seat-Option",LEFT(I49,18),TRIM(I49)) -> 281934-2 | W49: GU | X49: Oversea-non-WEV | AA49: =IF(W49="GU","USD","THB") -> USD | AB49: =IF(AA49="THB",AB$5,1) -> 1 | AC49: =Z49/AB49 -> 0 | AD49: =L49 -> 84 | AE49: =AC49*AD49 -> 0 | AH49: =AD49 -> 84 | AI49: =AG49*AH49 -> 0
A50: 44 | B50: 1.043 | C50: Remove - 20260126 | D50: Electrical | F50: 2 | G50: Buy | H50: Each | I50: 7157-3853-40 | J50: =IF(LEFT(I50,2)="CO",I50,IF(LEFT(I50,2)="54","HT"&I50,IF(LEFT(I50,2)="KI","KT_"&MID(I50,5,24),IF(P50="THB","GT"&I50,IF(P50="USD","GU"&I50,IF(P50="CNY","GC"&I50)))))) -> GU7157-3853-40 | K50: Rubber Seal | L50: 3 | M50: GAT | N50: R0045 | O50: Reahoo | P50: USD | U50: =TRIM(D50) -> Electrical | V50: =IF(U50="Seat-Option",LEFT(I50,18),TRIM(I50)) -> 7157-3853-40 | W50: GU | X50: Oversea-non-WEV | AA50: =IF(W50="GU","USD","THB") -> USD | AB50: =IF(AA50="THB",AB$5,1) -> 1 | AC50: =Z50/AB50 -> 0 | AD50: =L50 -> 3 | AE50: =AC50*AD50 -> 0 | AH50: =AD50 -> 3 | AI50: =AG50*AH50 -> 0
